key_type,key,management_style,management_confidence,evidence,source_url,review_note
ticker,AAAU,static_exposure_or_trust,high,SEC annual report states the trust is not managed like an active investment vehicle and holds physical gold,https://www.sec.gov/Archives/edgar/data/1708646/000119312526067559/d56933d10k.htm,
ticker,ABFL,systematic_or_rules_based,high,Issuer describes the FCF Leaders strategy and its quantitative free-cash-flow model,https://abacusfcf.com/abfl/,
ticker,ABLD,index_passive_identified,high,Issuer classifies the product in its index ETF range,https://abacusfcf.com/strategies/,
ticker,ABLG,active_identified,high,Issuer classifies the product in its active ETF range,https://abacusfcf.com/strategies/,
ticker,ABOT,index_passive_identified,high,Issuer classifies the product in its index ETF range,https://abacusfcf.com/strategies/,
ticker,ABXB,index_passive_identified,high,Cboe listing states that the fund seeks to track its designated bond index,https://www.cboe.com/us/equities/listings/listed_products/symbols/ABXB/,
ticker,ACLC,active_identified,high,Issuer product page identifies the ETF as actively managed,https://www.americancentury.com/invest/funds/american-century-large-cap-equity-etf/,
ticker,ACSI,index_passive_identified,high,Issuer states that the ETF seeks to track the American Customer Satisfaction Investable Index,https://www.acsietf.com/,N-CEN bulk rows for this series omit the ETF and index boolean fields; issuer evidence controls.
ticker,ATMP,not_applicable_security,high,SEC pricing supplement identifies an unsecured index-linked exchange-traded note rather than a managed portfolio,https://www.sec.gov/Archives/edgar/data/312070/000110465917054938/a17-21109_39424b2.htm,Debt instrument: management-style taxonomy is not applicable.
ticker,BAR,static_exposure_or_trust,high,Issuer trust documentation identifies physical allocated gold exposure,https://graniteshares.com/document-search/?product=BAR,
ticker,BDRY,systematic_or_rules_based,high,SEC report describes a commodity-pool portfolio implemented through dry-bulk freight futures,https://www.sec.gov/Archives/edgar/data/1610940/000121390026057535/ea0289571-10q_amplify.htm,
ticker,BITS,active_identified,high,Issuer explicitly describes the fund as actively managed and investing in bitcoin futures and blockchain equities,https://www.globalxetfs.com/funds/bits,N-CEN bulk rows for this series omit the ETF and index boolean fields; issuer evidence controls.
ticker,BNO,systematic_or_rules_based,high,Issuer describes rules-governed benchmark exposure through Brent crude oil futures,https://www.uscfinvestments.com/bno,
ticker,CANE,systematic_or_rules_based,high,Issuer describes benchmark commodity exposure implemented through sugar futures,https://teucrium.com/cane,
ticker,CEF,static_exposure_or_trust,high,Issuer lists the closed-end trust among its fully allocated physical bullion trusts,https://sprott.com/investment-strategies/exchange-listed-products/,
ticker,CORN,systematic_or_rules_based,high,Issuer describes benchmark commodity exposure implemented through corn futures,https://teucrium.com/corn,
ticker,CWC,active_identified,high,SEC registration statement describes the fund as actively managed,https://www.sec.gov/Archives/edgar/data/1587551/000158064221004736/clockwise-capitaletf_485a.htm,
ticker,DBA,index_passive_identified,high,Issuer classifies the DB commodity funds as passive index-based exchange-traded products,https://www.invesco.com/us/en/solutions/invesco-etfs/commodity-investing.html,
ticker,DBB,index_passive_identified,high,Issuer classifies the DB commodity funds as passive index-based exchange-traded products,https://www.invesco.com/us/en/solutions/invesco-etfs/commodity-investing.html,
ticker,DBE,index_passive_identified,high,Issuer classifies the DB commodity funds as passive index-based exchange-traded products,https://www.invesco.com/us/en/solutions/invesco-etfs/commodity-investing.html,
ticker,DBO,index_passive_identified,high,Issuer classifies the DB commodity funds as passive index-based exchange-traded products,https://www.invesco.com/us/en/solutions/invesco-etfs/commodity-investing.html,
ticker,DBP,index_passive_identified,high,Issuer classifies the DB commodity funds as passive index-based exchange-traded products,https://www.invesco.com/us/en/solutions/invesco-etfs/commodity-investing.html,
ticker,DDX,systematic_or_rules_based,high,Issuer describes a rules-based duration-management process,https://disciplinefunds.com/ddx/,
ticker,DEF,index_passive_identified,high,SEC filing states that the fund seeks to track the Invesco Defensive Equity Index,https://www.sec.gov/Archives/edgar/data/1657201/000110465922127366/R206.htm,
ticker,FNGS,not_applicable_security,high,Issuer describes an unsecured exchange-traded note linked to the NYSE FANG+ Index,https://microsectors.com/fang/,Debt instrument: management-style taxonomy is not applicable.
ticker,FXA,static_exposure_or_trust,high,Issuer CurrencyShares documentation describes a grantor trust holding the referenced currency,https://www.invesco.com/us/en/financial-products/etfs/invesco-currencyshares-australian-dollar-trust.html,
ticker,FXB,static_exposure_or_trust,high,Issuer CurrencyShares documentation describes a grantor trust holding the referenced currency,https://www.invesco.com/us/en/financial-products/etfs/invesco-currencyshares-british-pound-sterling-trust.html,
ticker,FXC,static_exposure_or_trust,high,Issuer CurrencyShares documentation describes a grantor trust holding the referenced currency,https://www.invesco.com/us/en/financial-products/etfs/invesco-currencyshares-canadian-dollar-trust.html,
ticker,FXE,static_exposure_or_trust,high,Issuer CurrencyShares documentation describes a grantor trust holding the referenced currency,https://www.invesco.com/us/en/financial-products/etfs/invesco-currencyshares-euro-trust.html,
ticker,FXF,static_exposure_or_trust,high,Issuer CurrencyShares documentation describes a grantor trust holding the referenced currency,https://www.invesco.com/us/en/financial-products/etfs/invesco-currencyshares-swiss-franc-trust.html,
ticker,FXY,static_exposure_or_trust,high,Issuer CurrencyShares documentation describes a grantor trust holding the referenced currency,https://www.invesco.com/us/en/financial-products/etfs/invesco-currencyshares-japanese-yen-trust.html,
ticker,GBTC,static_exposure_or_trust,high,Issuer describes a single-asset spot bitcoin trust rather than a managed securities portfolio,https://etfs.grayscale.com/gbtc,
ticker,GDLC,index_passive_identified,high,SEC filing states that holdings and rebalancing follow the CoinDesk 5 Index methodology,https://www.sec.gov/Archives/edgar/data/1729997/000119312526381861/gdlc-20260630.htm,
ticker,GENZ,index_passive_identified,high,Issuer states that the fund seeks to replicate its digital-native economy index,https://www.vaneck.com/us/en/investments/exchange-traded-funds/equity/genz-vaneck-digital-native-economy-etf/,
ticker,GEX,index_passive_identified,medium,The downloaded history belongs to the former VanEck index ETF; the catalogue name now refers to a not-yet-launched Cambria product reusing GEX,https://www.cambriafunds.com/GEX,Ticker-reuse identity conflict: retain index classification only for the historical economic series and exclude the new Cambria identity until it trades.
ticker,GLD,static_exposure_or_trust,high,Issuer describes a physically backed gold trust,https://www.ssga.com/us/en/individual/etfs/spdr-gold-shares-gld,
ticker,GLDI,not_applicable_security,high,Issuer identifies an exchange-traded note linked to a covered-call index,https://etracs.ubs.com/product/detail/index/ussymbol/GLDI,Debt instrument: management-style taxonomy is not applicable.
ticker,GLDM,static_exposure_or_trust,high,Issuer describes a physically backed gold trust,https://www.ssga.com/us/en/intermediary/etfs/spdr-gold-minishares-gldm,
ticker,GLTR,static_exposure_or_trust,high,Issuer documentation identifies a physically backed precious-metals basket trust,https://www.abrdn.com/en-us/etf/physical-etf-shares/gltr,
ticker,GRN,not_applicable_security,high,SEC filing identifies an unsecured exchange-traded note linked to a carbon index,https://www.sec.gov/Archives/edgar/data/312070/000119312509044034/dfwp.htm,Debt instrument: management-style taxonomy is not applicable.
ticker,GSG,index_passive_identified,high,Issuer identifies a commodity-indexed trust seeking to track the S&P GSCI Total Return Index,https://www.ishares.com/us/products/239757/ishares-sp-gsci-commodityindexed-trust-fund,
ticker,IAU,static_exposure_or_trust,high,Issuer classifies the product among its physically backed commodity ETPs,https://www.ishares.com/us/products/commodity-etps,
ticker,IAUM,static_exposure_or_trust,high,Issuer classifies the product among its physically backed commodity ETPs,https://www.ishares.com/us/products/commodity-etps,
ticker,IMVP,index_passive_identified,high,SEC filing states that the fund seeks to track its designated India index,https://www.sec.gov/Archives/edgar/data/1419139/000119312526062436/d71791d497k.htm,
ticker,ISELF,index_passive_identified,high,Issuer states that the UCITS fund tracks the STOXX Global Electric Vehicles and Driving Technology Index,https://www.ishares.com/uk/individual/en/products/307130/ishares-electric-vehicles-and-driving-technology-ucits-etf,
ticker,ISHBF,index_passive_identified,high,Issuer states that the UCITS fund tracks an index of US Treasury bonds with 20-plus-year maturities,https://www.ishares.com/uk/individual/en/products/297191/ishares-treasury-bond-20%2Byr-ucits-etf-usd-acc-fund/1000,
ticker,ISTXF,index_passive_identified,high,Issuer states that the UCITS fund tracks an index of one-to-three-year US Treasury bonds,https://www.ishares.com/uk/individual/en/products/287340/ishares-treasury-bond-1-3yr-ucits-etf,
ticker,JAAA,active_identified,high,Issuer explicitly describes JAAA as an actively managed ETF investing primarily in AAA-rated CLO debt,https://www.janushenderson.com/en-us/investor/product/jaaa-aaa-clo-etf/,Manual refinement of N-CEN non-index evidence; this is the case that triggered the audit.
ticker,JIGB,active_identified,high,SEC prospectus describes a research-enhanced corporate bond selection process rather than index replication,https://www.sec.gov/Archives/edgar/data/1485894/000119312518343231/d626882d485bpos.htm,
ticker,LCR,active_identified,high,Issuer fact sheet identifies a flexible actively managed tactical asset-allocation process,https://funds.leutholdgroup.com/etf/LCR/fact_sheet,N-CEN bulk rows for this series omit the ETF and index boolean fields; issuer evidence controls.
ticker,OUNZ,static_exposure_or_trust,high,Issuer describes a physical gold trust with optional in-kind delivery,https://www.vaneck.com/us/en/investments/merk-gold-trust-etf-ounz/,
ticker,PALL,static_exposure_or_trust,high,Issuer documentation identifies a physically backed palladium trust,https://www.abrdn.com/en-us/etf/physical-etf-shares/pall,
ticker,PHYMF,static_exposure_or_trust,high,Issuer describes the ETC as physically backed by gold,https://www.ishares.com/uk/individual/en/products/258441/ishares-physical-gold-etc-fund,
ticker,PHYS,static_exposure_or_trust,high,Issuer lists the product as a fully allocated physical gold trust,https://sprott.com/investment-strategies/exchange-listed-products/,
ticker,PLTM,static_exposure_or_trust,high,Issuer identifies a physically backed platinum trust,https://graniteshares.com/etfs/pltm/,Catalogue SEC series id belongs to an older unrelated FTAG identity; ticker-specific issuer evidence controls.
ticker,PLW,index_passive_identified,high,SEC filing describes the fund's treasury-index tracking objective,https://www.sec.gov/Archives/edgar/data/1378872/000110465923073843/tm2319039d13_497.htm,
ticker,PPLT,static_exposure_or_trust,high,Issuer documentation identifies a physically backed platinum trust,https://www.abrdn.com/en-us/etf/physical-etf-shares/pplt,
ticker,PSLV,static_exposure_or_trust,high,Issuer lists the product as a fully allocated physical silver trust,https://sprott.com/investment-strategies/exchange-listed-products/,
ticker,PWRD,active_identified,high,Issuer product brief identifies an actively managed systems-based equity strategy,https://edge.sitecorecloud.io/thetcwgroupc320-tcwweb7bc3-prod0f26-25f9/media/Downloads/TCW/Products/ETFs/Product-Briefs/PWRD-Product-Brief.pdf?sc_lang=en,
ticker,PZD,index_passive_identified,high,SEC prospectus states that the fund seeks to track the Cleantech Index,https://www.sec.gov/Archives/edgar/data/1209466/000110465906061914/a06-19443_1485bpos.htm,
ticker,QQQ,index_passive_identified,high,Issuer states that the trust tracks the Nasdaq-100 Index,https://www.invesco.com/qqq-etf/en/home.html,
ticker,RNLC,index_passive_identified,high,Nasdaq exchange circular states that the ETF sought to track the Nasdaq Riskalyze US Large Cap Index,https://www.nasdaqtrader.com/content/newsalerts/2017/infocircular/First%20Trust%20Circular%20June%202017.pdf,
ticker,RNMC,index_passive_identified,high,Nasdaq exchange circular states that the ETF sought to track the Nasdaq Riskalyze US Mid Cap Index,https://www.nasdaqtrader.com/content/newsalerts/2017/infocircular/First%20Trust%20Circular%20June%202017.pdf,
ticker,RNSC,index_passive_identified,high,Nasdaq exchange circular states that the ETF sought to track the Nasdaq Riskalyze US Small Cap Index,https://www.nasdaqtrader.com/content/newsalerts/2017/infocircular/First%20Trust%20Circular%20June%202017.pdf,
ticker,ROGS,index_passive_identified,high,SEC prospectus describes index-tracking exposure to global small-cap equities,https://www.sec.gov/Archives/edgar/data/1605803/000114420416077558/v429777_485bpos.htm,
ticker,RWEM,systematic_or_rules_based,high,Issuer describes a transparent rules-based equity-selection strategy,https://funds.rayliant.com/,
ticker,RWLC,systematic_or_rules_based,high,Issuer describes a transparent rules-based equity-selection strategy,https://funds.rayliant.com/,
ticker,RYJ,index_passive_identified,high,SEC prospectus states that the fund seeks to track the Raymond James SB-1 Equity Index,https://www.sec.gov/Archives/edgar/data/1209466/000119312518168033/d553417d497k.htm,
ticker,SAGP,active_identified,high,Issuer strategy overview identifies the fund as actively managed,https://www.strategasetfs.com/fund-documents/53/strategy-overview.pdf,N-CEN bulk rows for this series omit the ETF and index boolean fields; issuer evidence controls.
ticker,SAMT,active_identified,high,Issuer product page identifies the macro-thematic fund as actively managed,https://www.strategasetfs.com/samt,N-CEN bulk rows for this series omit the ETF and index boolean fields; issuer evidence controls.
ticker,SCCD,not_applicable_security,high,SEC issuer filing identifies SCCD as a 6.00 percent note of Sachem Capital rather than an ETF,https://www.sec.gov/Archives/edgar/data/1682220/000168222025000011/sach-20250611.htm,Identity error in the catalogue; should be excluded from ETF analysis.
ticker,SGOL,static_exposure_or_trust,high,Issuer documentation identifies a physically backed gold trust,https://www.abrdn.com/en-us/etf/physical-etf-shares/sgol,
ticker,SIVR,static_exposure_or_trust,high,Issuer documentation identifies a physically backed silver trust,https://www.abrdn.com/docs?editionId=7690ff0f-7aed-44f1-b573-3146cc0d5c1e,
ticker,SLV,static_exposure_or_trust,high,Issuer classifies the product among its physically backed commodity ETPs,https://www.ishares.com/us/products/commodity-etps,
ticker,SLVO,not_applicable_security,high,Issuer identifies an exchange-traded note linked to a covered-call index,https://etracs.ubs.com/product/detail/index/ussymbol/SLVO,Debt instrument: management-style taxonomy is not applicable.
ticker,SOIL,index_passive_identified,high,SEC filing states that the fund seeks to track the Solactive Global Fertilizers/Potash Index,https://www.sec.gov/Archives/edgar/data/1432353/000143235320000263/soilsr497k.htm,
ticker,SOYB,systematic_or_rules_based,high,Issuer describes benchmark commodity exposure implemented through soybean futures,https://teucrium.com/soyb,
ticker,SPCK,active_identified,high,Issuer product site describes an actively selected portfolio of SPAC and new-issue securities,https://spcketf.com/,
ticker,SPPP,static_exposure_or_trust,high,Issuer lists the product as a fully allocated physical platinum and palladium trust,https://sprott.com/investment-strategies/exchange-listed-products/,
ticker,STNC,active_identified,high,Issuer prospectus identifies the fund as an actively managed ETF,https://www.hennessyfunds.com/regulatory-docs/STNC/STNC-Summary-Prospectus.pdf,N-CEN bulk rows for this series omit the ETF and index boolean fields; issuer evidence controls.
ticker,SWZ,not_applicable_security,high,SEC filing identifies a closed-end management investment company rather than an ETF,https://www.sec.gov/Archives/edgar/data/813623/000110465925023770/tm258639d1_n-csr.htm,Identity error in the catalogue; should be excluded from ETF analysis.
ticker,SYSB,index_passive_identified,high,Issuer states that the fund tracks the BlackRock Universal Systematic Bond Index,https://www.ishares.com/us/products/271544/ishares-systematic-bond-etf,
ticker,TAGS,systematic_or_rules_based,high,Issuer describes a rules-based combination of its agricultural commodity pools,https://teucrium.com/tags,
ticker,TESL,active_identified,high,Issuer identifies an actively managed options-overlay strategy around Tesla exposure,https://www.simplify.us/etfs/tesl-simplify-volt-tsla-revolution-etf,
ticker,TMFG,active_identified,high,Issuer classifies the product as an active equity ETF with securities selected by portfolio managers,https://etfs.fooletfs.com/tmfg,N-CEN bulk rows for this series omit the ETF and index boolean fields; issuer evidence controls.
ticker,UFOX,index_passive_identified,high,Issuer states that the fund tracks the BlueStar Space and Satellite Index,https://www.defianceetfs.com/ufox/,
ticker,UGA,systematic_or_rules_based,high,Issuer describes rules-governed benchmark exposure through gasoline futures,https://www.uscfinvestments.com/uga,
ticker,UNG,systematic_or_rules_based,high,Issuer describes rules-governed benchmark exposure through natural-gas futures,https://www.uscfinvestments.com/ung,
ticker,UNL,systematic_or_rules_based,high,Issuer describes rules-governed benchmark exposure through a 12-month natural-gas futures basket,https://www.uscfinvestments.com/unl,
ticker,USL,systematic_or_rules_based,high,Issuer describes rules-governed benchmark exposure through a 12-month oil-futures basket,https://www.uscfinvestments.com/resources/usl,
ticker,USO,systematic_or_rules_based,high,Issuer describes rules-governed benchmark exposure through oil futures,https://www.uscfinvestments.com/uso,
ticker,USOI,not_applicable_security,high,Issuer identifies an exchange-traded note linked to a crude-oil covered-call index,https://etracs.ubs.com/product/detail/index/ussymbol/USOI,Debt instrument: management-style taxonomy is not applicable.
ticker,WEAT,systematic_or_rules_based,high,Issuer describes benchmark commodity exposure implemented through wheat futures,https://teucrium.com/weat,
ticker,AAVM,active_identified,high,Issuer identifies an active approach with portfolio rebalancing to maintain factor exposure,https://funds.alphaarchitect.com/aavm/,
ticker,ACGR,active_identified,high,Issuer states that the ETF is actively managed and does not seek to replicate a specified index,https://www.americancentury.com/invest/funds/american-century-large-cap-growth-etf/,
ticker,ACWEF,index_passive_identified,high,Issuer fact sheet identifies the MSCI ACWI benchmark and an index-tracking UCITS fund,https://www.ssga.com/library-content/products/factsheets/etfs/emea/factsheet-emea-en_gb-spyy-gy.pdf,Foreign OTC ticker for a UCITS share class; management classification follows the legal fund.
ticker,AFGR,active_identified,high,SEC prospectus identifies an active multi-factor methodology and documents the 2026 strategy change,https://www.sec.gov/Archives/edgar/data/1667919/000144554626004194/etf8_497k.htm,The current name and process changed in June 2026; the preceding multi-manager mandate was also active.
ticker,AMUB,not_applicable_security,high,Issuer lists AMUB among its senior unsecured exchange-traded notes,https://etracs.ubs.com/,Debt instrument: ETF management-style taxonomy is not applicable.
ticker,BDCZ,not_applicable_security,high,Issuer lists BDCZ among its senior unsecured exchange-traded notes,https://etracs.ubs.com/,Debt instrument: ETF management-style taxonomy is not applicable.
ticker,BWVTF,not_applicable_security,high,SEC pricing supplement identifies the instrument as a Barclays exchange-traded note linked to the CBOE S&P 500 BuyWrite Index,https://www.sec.gov/Archives/edgar/data/312070/000119312507120898/d424b3.htm,Debt instrument now trading under an OTC-suffixed ticker; ETF management-style taxonomy is not applicable.
ticker,CPER,index_passive_identified,high,Issuer states that daily NAV changes seek to reflect the SummerHaven Copper Index Total Return less expenses,https://www.uscfinvestments.com/cper,Commodity-pool exchange-traded security; index objective is explicit.
ticker,CPTL,index_passive_identified,high,Issuer states that the fund tracks the Morningstar US Capital Allocation Leaders Index,https://www.globalxetfs.com/funds/cptl,The underlying index changed in July 2026; both the previous and current mandates are index based.
ticker,CSTNL,index_passive_identified,high,Issuer states that the UCITS fund tracks the S&P 500 Index,https://www.ishares.com/uk/individual/en/products/253743/ishares-core-s-p-500-ucits-etf,Foreign OTC ticker for a UCITS share class; management classification follows the legal fund.
ticker,DBC,index_passive_identified,high,Issuer classifies DBC in its passive index-based commodity ETP range,https://www.invesco.com/us/en/solutions/invesco-etfs/commodity-investing.html,Commodity-pool exchange-traded product; index objective is explicit.
ticker,DIA,index_passive_identified,high,Issuer states that the unit investment trust seeks to track the Dow Jones Industrial Average,https://www.ssga.com/us/en/intermediary/etfs/state-street-spdr-dow-jones-industrial-average-etf-trust-dia,Unit investment trust outside ordinary N-CEN registered-fund coverage.
ticker,DJP,not_applicable_security,high,SEC filing identifies an unsecured Barclays exchange-traded note linked to the Bloomberg Commodity Index Total Return,https://www.sec.gov/Archives/edgar/data/312070/000119312515043533/d871238dfwp.htm,Debt instrument: ETF management-style taxonomy is not applicable.
ticker,ESGF,index_passive_identified,high,SEC filing identifies the underlying revenue-weighted global ESG index tracked by the fund,https://www.sec.gov/Archives/edgar/data/1657201/000119312519039959/d641420d485bpos.htm,Historical fund liquidated in 2020; classification refers to its former mandate.
ticker,FDIQ,index_passive_identified,high,SEC filing states that the fund attempts to replicate its underlying index,https://www.sec.gov/Archives/edgar/data/1378872/000110465926018152/tm263516d3_485bpos.htm,The fund name and underlying index changed before its 2026 liquidation; both mandates were index based.
ticker,GSCE,not_applicable_security,high,SEC registration identifies index-linked notes issued by Goldman Sachs rather than a managed fund,https://www.sec.gov/Archives/edgar/data/886982/000089109207005432/e29558_8a12b.htm,Debt instrument: ETF management-style taxonomy is not applicable.
ticker,HDLB,not_applicable_security,high,Issuer lists HDLB among its leveraged senior unsecured exchange-traded notes,https://etracs.ubs.com/,Debt instrument and 2x leveraged exposure: ETF management style is not applicable and eligibility should be rechecked.
ticker,IFED,not_applicable_security,high,Issuer lists IFED among its senior unsecured exchange-traded notes,https://etracs.ubs.com/,Debt instrument: ETF management-style taxonomy is not applicable.
ticker,IFLN,index_passive_identified,high,SEC prospectus states that the fund seeks to track the Bloomberg US High Yield Enhanced Fallen Angels Index,https://www.sec.gov/Archives/edgar/data/1378872/000110465926018152/tm263516d3_485bpos.htm,
ticker,IPB,not_applicable_security,high,SEC exchange-product record identifies a Merrill Lynch Index Plus trust certificate rather than an ETF portfolio,https://www.sec.gov/Archives/edgar/vprr/1601/16019238.pdf,Structured trust certificate: ETF management-style taxonomy is not applicable.
ticker,ISAPF,index_passive_identified,high,Issuer states that the UCITS fund tracks the MSCI Emerging Markets Investable Market Index,https://www.ishares.com/uk/individual/en/products/295689/ishares-core-msci-em-imi-ucits-etf,Foreign OTC ticker for a UCITS share class; management classification follows the legal fund.
ticker,IVVPF,index_passive_identified,high,Issuer key information document identifies the EURO STOXX 50 index mandate,https://www.ishares.com/uk/professional/en/literature/kiid/ucits_kiid-ishares-core-euro-stoxx-50-ucits-etf-eur-acc-gb-ie00b53l3w79-en.pdf,Foreign OTC ticker for a UCITS share class; management classification follows the legal fund.
ticker,LVHB,index_passive_identified,high,SEC prospectus identifies LVHB as an exchange-traded index fund tracking the Lunt Capital US Large Cap Equity Rotation Index,https://www.sec.gov/Archives/edgar/data/1595106/000143774919001848/elkhorn20190204_497k.htm,Historical LVHB was renamed and retickered BUFF in 2020; the unusually extended Yahoo history merits identity review.
ticker,MBCE,index_passive_identified,high,Issuer states that MBCE is a passively indexed ETF tracking the Monarch Blue Chips Elite Index,https://monarchfunds.com/blue-chips-elite-etf,
ticker,MDY,index_passive_identified,high,Issuer states that the unit investment trust seeks to track the S&P MidCap 400 Index,https://www.ssga.com/us/en/institutional/etfs/state-street-spdr-sp-midcap-400-etf-trust-mdy,Unit investment trust outside ordinary N-CEN registered-fund coverage.
ticker,MFMS,active_identified,high,Issuer groups the small-cap growth strategy with its active funds and describes portfolio-manager security selection,https://fooletfs.com/active-strategy,Historical ticker/name identity for the strategy now represented by TMFS.
ticker,MLPB,not_applicable_security,high,Issuer lists MLPB among its senior unsecured exchange-traded notes,https://etracs.ubs.com/,Debt instrument: ETF management-style taxonomy is not applicable.
ticker,NTRL,active_identified,high,SEC prospectus identifies an actively managed portfolio and documents the June 2026 change from merger arbitrage to equity market neutral,https://www.sec.gov/Archives/edgar/data/1424212/000144554626004552/ntrl_497k.htm,Performance spans two materially different active mandates; segment-level analysis is required before interpreting the full history.
ticker,QVMT,index_passive_identified,high,SEC filing states that the fund attempts to replicate its underlying index,https://www.sec.gov/Archives/edgar/data/1378872/000110465926018152/tm263516d3_485bpos.htm,The product changed name and index in 2026; both mandates were index based.
ticker,TMFM,active_identified,high,Issuer identifies TMFM as an active equity ETF with securities selected by portfolio managers,https://etfs.fooletfs.com/tmfm,
ticker,TMFS,active_identified,high,Issuer identifies TMFS as an active equity ETF with securities selected by portfolio managers,https://etfs.fooletfs.com/tmfs,
ticker,UCIB,not_applicable_security,high,Issuer lists UCIB among its senior unsecured exchange-traded notes,https://etracs.ubs.com/,Debt instrument: ETF management-style taxonomy is not applicable.
ticker,UDN,index_passive_identified,high,Issuer identifies UDN as a DB US Dollar index fund and states that the licensed index is calculated independently,https://www.invesco.com/us/en/accounts/tax-center/etf-tax-center.html,Commodity-pool exchange-traded product; bearish currency exposure is not a leveraged inverse ETF payoff.
ticker,USCI,index_passive_identified,high,Issuer states that daily NAV changes seek to reflect the rules-based SummerHaven Dynamic Commodity Index Total Return less expenses,https://www.uscfinvestments.com/usci,Commodity-pool exchange-traded security; index objective is explicit.
ticker,UUP,index_passive_identified,high,Issuer identifies UUP as a DB US Dollar index fund and states that the licensed index is calculated independently,https://www.invesco.com/us/en/accounts/tax-center/etf-tax-center.html,Commodity-pool exchange-traded product; index objective is explicit.
ticker,VFPAF,index_passive_identified,high,Issuer explicitly describes a passive indexing approach tracking the FTSE Developed Asia Pacific ex Japan Index,https://www.vanguard.co.uk/professional/product/etf/equity/9522/ftse-developed-asia-pacific-ex-japan-ucits-etf-distributing,Foreign OTC ticker for a UCITS share class; management classification follows the legal fund.
ticker,AADR,active_identified,high,Issuer includes AADR in its official actively managed ETF lineup,https://insights.advisorshares.com/etf-fact-sheets,
ticker,BEDZ,active_identified,high,Issuer includes BEDZ in its official actively managed ETF lineup,https://insights.advisorshares.com/etf-fact-sheets,
ticker,CWS,active_identified,high,Issuer includes CWS in its official actively managed ETF lineup,https://insights.advisorshares.com/etf-fact-sheets,
ticker,DWAW,active_identified,high,Issuer includes DWAW in its official actively managed ETF lineup,https://insights.advisorshares.com/etf-fact-sheets,
ticker,DWUS,active_identified,high,Issuer includes DWUS in its official actively managed ETF lineup,https://insights.advisorshares.com/etf-fact-sheets,
ticker,GK,active_identified,high,Issuer includes GK in its official actively managed ETF lineup,https://insights.advisorshares.com/etf-fact-sheets,
ticker,QPX,active_identified,high,Issuer includes QPX in its official actively managed ETF lineup,https://insights.advisorshares.com/etf-fact-sheets,
ticker,SURE,active_identified,high,Issuer includes SURE in its official actively managed ETF lineup,https://insights.advisorshares.com/etf-fact-sheets,
ticker,VEGA,active_identified,high,Issuer includes VEGA in its official actively managed ETF lineup,https://insights.advisorshares.com/etf-fact-sheets,
ticker,VICE,active_identified,high,Issuer includes VICE in its official actively managed ETF lineup,https://insights.advisorshares.com/etf-fact-sheets,
ticker,YOLO,active_identified,high,Issuer includes YOLO in its official actively managed ETF lineup,https://insights.advisorshares.com/etf-fact-sheets,
ticker,ARKF,active_identified,high,Issuer lists ARKF among the ARK actively managed ETFs,https://www.ark-funds.com/our-etfs,
ticker,ARKG,active_identified,high,Issuer lists ARKG among the ARK actively managed ETFs,https://www.ark-funds.com/our-etfs,
ticker,ARKK,active_identified,high,Issuer lists ARKK among the ARK actively managed ETFs,https://www.ark-funds.com/our-etfs,
ticker,ARKQ,active_identified,high,Issuer lists ARKQ among the ARK actively managed ETFs,https://www.ark-funds.com/our-etfs,
ticker,ARKW,active_identified,high,Issuer lists ARKW among the ARK actively managed ETFs,https://www.ark-funds.com/our-etfs,
ticker,ARKX,active_identified,high,Issuer lists ARKX among the ARK actively managed ETFs,https://www.ark-funds.com/our-etfs,
ticker,AVDE,active_identified,high,Issuer states that Avantis ETFs use active management and do not replicate a specified index,https://www.avantisinvestors.com/avantis-investments/,
ticker,AVDV,active_identified,high,Issuer states that Avantis ETFs use active management and do not replicate a specified index,https://www.avantisinvestors.com/avantis-investments/,
ticker,AVEM,active_identified,high,Issuer states that Avantis ETFs use active management and do not replicate a specified index,https://www.avantisinvestors.com/avantis-investments/,
ticker,AVES,active_identified,high,Issuer states that Avantis ETFs use active management and do not replicate a specified index,https://www.avantisinvestors.com/avantis-investments/,
ticker,AVIG,active_identified,high,Issuer states that Avantis ETFs use active management and do not replicate a specified index,https://www.avantisinvestors.com/avantis-investments/,
ticker,AVIV,active_identified,high,Issuer states that Avantis ETFs use active management and do not replicate a specified index,https://www.avantisinvestors.com/avantis-investments/,
ticker,AVLV,active_identified,high,Issuer states that Avantis ETFs use active management and do not replicate a specified index,https://www.avantisinvestors.com/avantis-investments/,
ticker,AVMU,active_identified,high,Issuer states that Avantis ETFs use active management and do not replicate a specified index,https://www.avantisinvestors.com/avantis-investments/,
ticker,AVRE,active_identified,high,Issuer states that AVRE is actively managed and does not replicate a specified index,https://www.avantisinvestors.com/avantis-investments/avantis-real-estate-etf/,
ticker,AVSC,active_identified,high,Issuer states that Avantis ETFs use active management and do not replicate a specified index,https://www.avantisinvestors.com/avantis-investments/,
ticker,AVSF,active_identified,high,Issuer states that Avantis ETFs use active management and do not replicate a specified index,https://www.avantisinvestors.com/avantis-investments/,
ticker,AVUS,active_identified,high,Issuer states that AVUS is actively managed and does not replicate a specified index,https://www.avantisinvestors.com/avantis-investments/avantis-us-equity-etf/trading-details/,
ticker,AVUV,active_identified,high,Issuer states that AVUV is actively managed and does not replicate a specified index,https://www.avantisinvestors.com/avantis-investments/avantis-us-small-cap-value-etf/trading-details/,
ticker,CGCP,active_identified,high,Issuer launch release explicitly identifies CGCP as one of its active transparent ETFs,https://www.capitalgroup.com/about-us/news-room/etf-launch-6-strategies.html,
ticker,CGDV,active_identified,high,Issuer launch release explicitly identifies CGDV as one of its active transparent ETFs,https://www.capitalgroup.com/about-us/news-room/etf-launch-6-strategies.html,
ticker,CGGO,active_identified,high,Issuer launch release explicitly identifies CGGO as one of its active transparent ETFs,https://www.capitalgroup.com/about-us/news-room/etf-launch-6-strategies.html,
ticker,CGGR,active_identified,high,Issuer launch release explicitly identifies CGGR as one of its active transparent ETFs,https://www.capitalgroup.com/about-us/news-room/etf-launch-6-strategies.html,
ticker,CGUS,active_identified,high,Issuer launch release explicitly identifies CGUS as one of its active transparent ETFs,https://www.capitalgroup.com/about-us/news-room/etf-launch-6-strategies.html,
ticker,CGXU,active_identified,high,Issuer launch release explicitly identifies CGXU as one of its active transparent ETFs,https://www.capitalgroup.com/about-us/news-room/etf-launch-6-strategies.html,
ticker,DFAC,active_identified,high,Issuer states that Dimensional ETFs use a systematic process in an actively managed transparent ETF structure,https://www.dimensional.com/us-en/insights/dimensional-investing-in-an-active-etf-structure,Systematic implementation is retained as a strategy attribute and does not negate the active management classification.
ticker,DFAE,active_identified,high,Issuer states that Dimensional ETFs use a systematic process in an actively managed transparent ETF structure,https://www.dimensional.com/us-en/insights/dimensional-investing-in-an-active-etf-structure,Systematic implementation is retained as a strategy attribute and does not negate the active management classification.
ticker,DFAI,active_identified,high,Issuer states that Dimensional ETFs use a systematic process in an actively managed transparent ETF structure,https://www.dimensional.com/us-en/insights/dimensional-investing-in-an-active-etf-structure,Systematic implementation is retained as a strategy attribute and does not negate the active management classification.
ticker,DFAR,active_identified,high,Issuer states that Dimensional ETFs use a systematic process in an actively managed transparent ETF structure,https://www.dimensional.com/us-en/insights/dimensional-investing-in-an-active-etf-structure,Systematic implementation is retained as a strategy attribute and does not negate the active management classification.
ticker,DFAS,active_identified,high,Issuer identifies DFAS as an active transparent ETF,https://www.dimensional.com/us-en/newsroom/dimensional-lists-four-new-etfs-following-the-industrys-largest-mutual-fund-to-etf-conversion,Systematic implementation is retained as a strategy attribute and does not negate the active management classification.
ticker,DFAT,active_identified,high,Issuer identifies DFAT as an active transparent ETF,https://www.dimensional.com/us-en/newsroom/dimensional-lists-four-new-etfs-following-the-industrys-largest-mutual-fund-to-etf-conversion,Systematic implementation is retained as a strategy attribute and does not negate the active management classification.
ticker,DFAU,active_identified,high,Issuer states that Dimensional ETFs use a systematic process in an actively managed transparent ETF structure,https://www.dimensional.com/us-en/insights/dimensional-investing-in-an-active-etf-structure,Systematic implementation is retained as a strategy attribute and does not negate the active management classification.
ticker,DFAX,active_identified,high,Issuer states that Dimensional ETFs use a systematic process in an actively managed transparent ETF structure,https://www.dimensional.com/us-en/insights/dimensional-investing-in-an-active-etf-structure,Systematic implementation is retained as a strategy attribute and does not negate the active management classification.
ticker,DFCF,active_identified,high,Issuer states that Dimensional ETFs use active portfolio implementation in an actively managed transparent ETF structure,https://www.dimensional.com/us-en/insights/dimensional-investing-in-an-active-etf-structure,
ticker,DFIP,active_identified,high,Issuer states that Dimensional ETFs use active portfolio implementation in an actively managed transparent ETF structure,https://www.dimensional.com/us-en/insights/dimensional-investing-in-an-active-etf-structure,
ticker,DFIV,active_identified,high,Issuer states that Dimensional ETFs use a systematic process in an actively managed transparent ETF structure,https://www.dimensional.com/us-en/insights/dimensional-investing-in-an-active-etf-structure,Systematic implementation is retained as a strategy attribute and does not negate the active management classification.
ticker,DFNM,active_identified,high,Issuer states that Dimensional ETFs use active portfolio implementation in an actively managed transparent ETF structure,https://www.dimensional.com/us-en/insights/dimensional-investing-in-an-active-etf-structure,
ticker,DFSD,active_identified,high,Issuer states that Dimensional ETFs use active portfolio implementation in an actively managed transparent ETF structure,https://www.dimensional.com/us-en/insights/dimensional-investing-in-an-active-etf-structure,
ticker,DFSV,active_identified,high,Issuer states that Dimensional ETFs use a systematic process in an actively managed transparent ETF structure,https://www.dimensional.com/us-en/insights/dimensional-investing-in-an-active-etf-structure,Systematic implementation is retained as a strategy attribute and does not negate the active management classification.
ticker,DFUS,active_identified,high,Issuer identifies DFUS as an active transparent ETF,https://www.dimensional.com/us-en/newsroom/dimensional-lists-four-new-etfs-following-the-industrys-largest-mutual-fund-to-etf-conversion,Systematic implementation is retained as a strategy attribute and does not negate the active management classification.
ticker,DUHP,active_identified,high,Issuer states that Dimensional ETFs use a systematic process in an actively managed transparent ETF structure,https://www.dimensional.com/us-en/insights/dimensional-investing-in-an-active-etf-structure,Systematic implementation is retained as a strategy attribute and does not negate the active management classification.
ticker,DFNL,active_identified,high,Issuer prospectus identifies DFNL as an actively managed ETF,https://www.davisetfs.com/etfs/financial/document-viewer?document=statutory-prospectus,
ticker,DINT,active_identified,high,Issuer prospectus identifies DINT as an actively managed ETF,https://www.davisetfs.com/etfs/financial/document-viewer?document=statutory-prospectus,
ticker,DUSA,active_identified,high,Issuer prospectus identifies DUSA as an actively managed ETF,https://www.davisetfs.com/etfs/financial/document-viewer?document=statutory-prospectus,
ticker,DWLD,active_identified,high,Issuer prospectus identifies DWLD as an actively managed ETF,https://www.davisetfs.com/etfs/financial/document-viewer?document=statutory-prospectus,
ticker,FAAR,active_identified,high,Issuer lists FAAR in its official actively managed ETF roster,https://www.ftportfolios.com/retail/etf/etflist.aspx?Type=ActivelyManaged,
ticker,FIXD,active_identified,high,Issuer lists FIXD in its official actively managed ETF roster,https://www.ftportfolios.com/retail/etf/etflist.aspx?Type=ActivelyManaged,
ticker,FMB,active_identified,high,Issuer lists FMB in its official actively managed ETF roster,https://www.ftportfolios.com/retail/etf/etflist.aspx?Type=ActivelyManaged,
ticker,FMF,active_identified,high,Issuer lists FMF in its official actively managed ETF roster,https://www.ftportfolios.com/retail/etf/etflist.aspx?Type=ActivelyManaged,
ticker,FSMB,active_identified,high,Issuer lists FSMB in its official actively managed ETF roster,https://www.ftportfolios.com/retail/etf/etflist.aspx?Type=ActivelyManaged,
ticker,FTGC,active_identified,high,Issuer lists FTGC in its official actively managed ETF roster,https://www.ftportfolios.com/retail/etf/etflist.aspx?Type=ActivelyManaged,
ticker,FTLS,active_identified,high,Issuer lists FTLS in its official actively managed ETF roster,https://www.ftportfolios.com/retail/etf/etflist.aspx?Type=ActivelyManaged,
ticker,HYLS,active_identified,high,Issuer lists HYLS in its official actively managed ETF roster,https://www.ftportfolios.com/retail/etf/etflist.aspx?Type=ActivelyManaged,
ticker,TAGG,active_identified,high,Issuer active ETF guide identifies TAGG as an active ETF,https://www.troweprice.com/content/dam/fai/Investments/exchange-traded-funds/t-rowe-price-active-etfs-designed-to-outperform.pdf,
ticker,TBUX,active_identified,high,Issuer active ETF guide identifies TBUX as an active ETF,https://www.troweprice.com/content/dam/fai/Investments/exchange-traded-funds/t-rowe-price-active-etfs-designed-to-outperform.pdf,
ticker,TCHP,active_identified,high,Issuer active ETF guide identifies TCHP as an active ETF,https://www.troweprice.com/content/dam/fai/Investments/exchange-traded-funds/t-rowe-price-active-etfs-designed-to-outperform.pdf,
ticker,TDVG,active_identified,high,Issuer active ETF guide identifies TDVG as an active ETF,https://www.troweprice.com/content/dam/fai/Investments/exchange-traded-funds/t-rowe-price-active-etfs-designed-to-outperform.pdf,
ticker,TEQI,active_identified,high,Issuer active ETF guide identifies TEQI as an active ETF,https://www.troweprice.com/content/dam/fai/Investments/exchange-traded-funds/t-rowe-price-active-etfs-designed-to-outperform.pdf,
ticker,TGRW,active_identified,high,Issuer active ETF guide identifies TGRW as an active ETF,https://www.troweprice.com/content/dam/fai/Investments/exchange-traded-funds/t-rowe-price-active-etfs-designed-to-outperform.pdf,
ticker,TOTR,active_identified,high,Issuer active ETF guide identifies TOTR as an active ETF,https://www.troweprice.com/content/dam/fai/Investments/exchange-traded-funds/t-rowe-price-active-etfs-designed-to-outperform.pdf,
ticker,TSPA,active_identified,high,Issuer active ETF guide identifies TSPA as an active ETF,https://www.troweprice.com/content/dam/fai/Investments/exchange-traded-funds/t-rowe-price-active-etfs-designed-to-outperform.pdf,
ticker,OBND,active_identified,high,Issuer describes OBND as an actively managed multi-asset credit strategy,https://www.ssga.com/us/en/intermediary/etfs/state-street-loomis-sayles-opportunistic-bond-etf-obnd,
ticker,STOT,active_identified,high,Issuer lists STOT in its official actively managed ETF roster,https://www.ssga.com/us/en/intermediary/capabilities/active-etfs/spdr-active-etfs,
ticker,TOTL,active_identified,high,Issuer describes TOTL as actively managed core fixed income exposure,https://www.ssga.com/us/en/institutional/etfs/state-street-doubleline-total-return-tactical-etf-totl,
ticker,BTAL,mixed_or_changed_mandate,high,SEC filing documents the conversion from passive index tracking to a rules-based active strategy effective February 2022,https://www.sec.gov/Archives/edgar/data/1479599/000110465921144570/tm2134162-1_497.htm,History spans an index mandate before February 2022 and an active mandate afterward; exclude from whole-history active attribution.
ticker,CLSE,active_identified,high,SEC shareholder report describes CLSE as an actively managed long-short equity strategy,https://www.sec.gov/Archives/edgar/data/1141819/000089853123000336/clseetf-ncsrs.htm,
ticker,DBMF,active_identified,high,Issuer product page classifies DBMF as an active managed futures ETF,https://www.imgp.com/us/fund/US53700T8273/,
ticker,GHTA,active_identified,high,Issuer states that GHTA is an actively managed ETF and does not track an index,https://www.gham.co/,
ticker,HTUS,active_identified,high,Issuer states that HTUS is an actively managed ETF driven by proprietary quantitative models,https://www.hulltacticalfunds.com/,
ticker,JEMA,active_identified,high,Issuer fund commentary describes the ActiveBuilders portfolio as opportunistically allocated among actively managed stocks,https://am.jpmorgan.com/content/dam/jpm-am-aem/americas/us/en/literature/commentary/FC-JEMA.PDF,
ticker,KDRN,active_identified,high,Issuer identifies KDRN as an actively managed portfolio with tactical duration decisions,https://www.kingsbarncapital.com/kingsbarn-etf/,
ticker,LBAY,active_identified,high,SEC shareholder report states that LBAY is actively managed,https://www.sec.gov/Archives/edgar/data/1742912/000199937126010365/lbay-ncsrs_022826.htm,
ticker,LEXI,active_identified,high,Issuer states that LEXI is actively managed and portfolio decisions respond to changing information,https://www.lexietf.com/,
ticker,LSAT,active_identified,high,Issuer states that LSAT is an actively managed ETF using a quantitative factor methodology,https://www.leadersharesetfs.com/funds/leadershares-tactical-focused-etf,
ticker,MRSK,active_identified,high,SEC financial statements identify the Toews funds as actively managed ETFs,https://www.sec.gov/Archives/edgar/data/1314414/000158064226004276/toewsagilityetfs_ncsr.htm,
ticker,MSMR,active_identified,high,SEC shareholder report identifies MSMR as an actively managed ETF using proprietary trend and momentum strategies,https://www.sec.gov/Archives/edgar/data/1540305/000113322825000384/msmre-efp12728_ncsr.htm,
ticker,MSTB,active_identified,high,SEC financial statements identify MSTB as an actively managed ETF,https://www.lhafunds.com/lha_uploads/fund/LHA-ETFs-123125-Annual-Financial-Statements-and-Additional-Information-Final-Public.pdf,Rules-based risk management is a strategy attribute and does not negate the active management classification.
ticker,RHRX,active_identified,high,SEC statement of additional information identifies RHRX as an actively managed ETF that does not seek to replicate an index,https://www.sec.gov/Archives/edgar/data/1464413/000146441321000233/r497e11212.htm,
ticker,RHTX,active_identified,high,SEC statement of additional information identifies RHTX as an actively managed ETF that does not seek to replicate an index,https://www.sec.gov/Archives/edgar/data/1464413/000146441321000233/r497e11212.htm,
ticker,THY,active_identified,high,SEC financial statements identify the Toews funds as actively managed ETFs,https://www.sec.gov/Archives/edgar/data/1314414/000158064226004276/toewsagilityetfs_ncsr.htm,
ticker,WTMF,mixed_or_changed_mandate,high,Issuer states that WTMF tracked the WisdomTree Managed Futures Index before changing to an active strategy on June 4 2021,https://www.wisdomtree.com/us/insights/blog/when-markets-zigzag-trend-followers-can-shine,History spans an index mandate before June 4 2021 and an active mandate afterward; exclude from whole-history active attribution.
ticker,COMB,active_identified,high,SEC prospectus identifies COMB as an actively managed commodity ETF,https://www.sec.gov/Archives/edgar/data/1689873/000149315225019252/form485bpos.htm,Previous name-only classification incorrectly treated the Bloomberg benchmark reference as index replication.
ticker,FTQI,active_identified,high,Issuer includes FTQI in its official actively managed ETF roster,https://www.ftportfolios.com/retail/etf/etflist.aspx?Type=ActivelyManaged,The Nasdaq reference describes the option underlying and not an index-tracking mandate.
ticker,GCC,active_identified,high,Issuer explicitly describes GCC as an actively managed commodity futures ETF,https://www.wisdomtree.com/us/products/alternative/gcc,The word Index in the legacy product name did not describe the current management status.
ticker,KCCB,index_passive_identified,high,Issuer launch release identifies KCCB as the China Corporate High Yield Bond USD Index ETF,https://kraneshares.com/kraneshares-ccbs-china-corporate-high-yield-bond-usd-etf-ticker-kccb-lists-on-the-new-york-stock-exchange/,Historical series was index based; N-CEN negative evidence is not sufficient to override the explicit mandate.
ticker,PHDG,active_identified,high,Issuer explicitly describes PHDG as an actively managed ETF allocating among components of a dynamic benchmark,https://www.invesco.com/us/en/financial-products/etfs/invesco-sp-500-downside-hedged-etf.html,The benchmark guides allocation but the fund is not classified as an index fund.
ticker,SIXH,active_identified,high,Issuer states that SIXH is actively managed and uses a quantitative options overlay,https://www.6meridianfunds.com/sixh,Index in the name refers to the option underlying and not a passive replication mandate.
ticker,UMMA,active_identified,high,SEC annual filing explicitly identifies UMMA as an actively managed ETF,https://www.sec.gov/Archives/edgar/data/1683471/000113322826011200/we-efp26371_ncsr.htm,UMMA seeks returns similar to an index but is legally and operationally actively managed.
ticker,USDU,active_identified,high,SEC filing states that USDU is actively managed using proprietary investment strategies and processes,https://www.sec.gov/Archives/edgar/data/1350487/000121465925018684/R5.htm,The Bloomberg index is a performance objective and comparator rather than a replicated mandate.
ticker,RVNU,mixed_or_changed_mandate,high,Issuer documents that RVNU tracked the Solactive Municipal Infrastructure Revenue Bond Index until its conversion to active management on August 4 2026,https://www.dws.com/en-us/about-us/media/media-releases/2026/xtrackers-by-dws-converts-xtrackers-municipal-infrastructure-revenue-bond-etf-to-actively-managed-etf/,History spans an index mandate before August 4 2026 and an active mandate afterward; exclude from whole-history active attribution.
ticker,ABEQ,active_identified,high,Issuer describes ABEQ as an actively managed value ETF,https://absoluteadvisers.com/funds/,
ticker,ADIV,active_identified,high,Issuer states that its ETFs use actively managed high-conviction portfolios,https://www.gafunds.com/,
ticker,AESR,active_identified,high,SEC prospectus states that AESR is actively managed,https://www.sec.gov/Archives/edgar/data/1552947/000158064226001279/aesr-485b.htm,
ticker,AIVI,mixed_or_changed_mandate,high,Issuer documents active management after an index-tracking mandate that ended January 18 2022,https://www.wisdomtree.com/us/bannerads/aivi-aivl,History spans an index mandate before January 18 2022 and an active mandate afterward; exclude from whole-history active attribution.
ticker,AIVL,mixed_or_changed_mandate,high,Issuer documents active management after an index-tracking mandate that ended January 18 2022,https://www.wisdomtree.com/us/products/equity/aivl,History spans an index mandate before January 18 2022 and an active mandate afterward; exclude from whole-history active attribution.
ticker,AMOM,active_identified,high,Issuer describes AMOM as an actively managed AI-enhanced portfolio,https://qraftaietf.com/amom,
ticker,BEMO,index_passive_identified,high,Issuer report states that historical BEMO tracked the Aptus Behavioral Momentum Index until it became ADME on November 8 2019,https://aptusetfs.com/wp-content/uploads/2020/09/Aptus-ETFs-4.30.20-Annual-Report.pdf,Classification refers to the BEMO ticker history; the successor ADME active history is a separate identity after the ticker change.
ticker,DARP,active_identified,high,Issuer states that DARP is an actively managed growth ETF,https://www.etf.grizzle.com/,
ticker,DGRE,mixed_or_changed_mandate,high,Issuer documents that DGRE changed from index tracking to active management on October 19 2018,https://www.wisdomtree.com/us/products/equity/dgre,History spans an index mandate before October 19 2018 and an active mandate afterward; exclude from whole-history active attribution.
ticker,DIVO,active_identified,high,Issuer states that DIVO is actively managed with a tactical covered-call process,https://amplifyetfs.com/cwp-covered-call-suite/,
ticker,DIVS,active_identified,high,Issuer states that its ETFs use actively managed high-conviction portfolios,https://www.gafunds.com/,
ticker,DIVY,active_identified,high,Issuer states that DIVY is an actively managed ETF,https://www.soundetfs.com/divy/,
ticker,DIVZ,active_identified,high,Issuer includes DIVZ in its actively managed ETF suite,https://www.polencapital.com/etfs,
ticker,DSTL,mixed_or_changed_mandate,high,SEC filing documents conversion from index tracking to active management effective April 3 2023,https://www.sec.gov/Archives/edgar/data/1540305/000089418926003119/dstlsummary.htm,History spans an index mandate before April 3 2023 and an active mandate afterward; exclude from whole-history active attribution.
ticker,DSTX,active_identified,high,Issuer prospectus identifies DSTX as an actively managed ETF using a systematic process,https://distillatecapital.com/wp-content/uploads/pdfs/Distillate-DSTL-DSTX-DSMC-Prospectus.pdf,Systematic implementation is a strategy attribute and does not negate the active management classification.
ticker,DWMF,active_identified,high,Issuer identifies DWMF as an actively managed systematic multifactor fund,https://www.wisdomtree.com/us/products/equity/dwmf,Systematic implementation is a strategy attribute and does not negate the active management classification.
ticker,EMMF,active_identified,high,Issuer identifies EMMF as an actively managed systematic multifactor fund,https://www.wisdomtree.com/us/products/equity/emmf,Systematic implementation is a strategy attribute and does not negate the active management classification.
ticker,ESGB,active_identified,high,SEC prospectus identifies portfolio-manager selection rather than index replication,https://www.sec.gov/Archives/edgar/data/1426439/000199937124010790/esgb-497k_082824.htm,
ticker,FBCG,active_identified,high,Issuer includes FBCG in its active equity ETF lineup,https://institutional.fidelity.com/advisors/investment-solutions/asset-classes/domestic-equity/active-equity-etfs,
ticker,FBCV,active_identified,high,Issuer includes FBCV in its active equity ETF lineup,https://institutional.fidelity.com/advisors/investment-solutions/asset-classes/domestic-equity/active-equity-etfs,
ticker,FDG,active_identified,high,Issuer states that FDG is actively managed and does not replicate an index,https://www.americancentury.com/advisors/investment-products/etfs/,
ticker,FFLC,active_identified,high,Issuer includes FFLC in its active equity ETF lineup,https://institutional.fidelity.com/advisors/investment-solutions/asset-classes/domestic-equity/active-equity-etfs,
ticker,FFLG,active_identified,high,Issuer includes FFLG in its active equity ETF lineup,https://institutional.fidelity.com/advisors/investment-solutions/asset-classes/domestic-equity/active-equity-etfs,
ticker,FFSM,active_identified,high,Issuer includes FFSM in its active equity ETF lineup,https://institutional.fidelity.com/advisors/investment-solutions/asset-classes/domestic-equity/active-equity-etfs,
ticker,FISR,active_identified,high,Issuer includes FISR in its official active ETF roster,https://www.ssga.com/us/en/intermediary/capabilities/active-etfs,
ticker,FLLV,active_identified,high,Issuer launch release identifies FLLV as an actively managed ETF,https://www.franklintempleton.com/press-releases/news-room/2016/franklin-templeton-investments-introduces-suite-of-actively-managed-etfs,
ticker,FLV,active_identified,high,Issuer states that FLV is actively managed and does not replicate an index,https://www.americancentury.com/advisors/investment-products/etfs/,
ticker,GGRW,active_identified,high,Issuer includes GGRW in its fully transparent actively managed ETF lineup,https://gabelli.com/gabellitv/gabelli-semi-transparent-etfs-convert-to-fully-transparent/,
ticker,GLRY,active_identified,high,Issuer states that GLRY is actively managed and does not replicate an index,https://www.inspireetf.com/etf/glry,
ticker,GMOM,active_identified,high,Issuer prospectus identifies Cambria as investment manager of the non-index GMOM strategy,https://cambriafunds.com/assets/docs/Cambria_Prospectus.pdf,
ticker,GVAL,active_identified,high,Issuer prospectus identifies Cambria as investment manager of the non-index GVAL strategy,https://cambriafunds.com/assets/docs/Cambria_Prospectus.pdf,
ticker,HFGO,active_identified,high,Issuer states that HFGO is actively managed and does not replicate an index,https://www.hartfordfunds.com/funds/hfgo.html,
ticker,IMOM,active_identified,high,Issuer states that its quantitative ETFs are actively managed,https://funds.alphaarchitect.com/documents/factsheet_qmom/,Family prospectus language covers IMOM IVAL QMOM QVAL and VMOT/AAVM.
ticker,ITAN,active_identified,high,Issuer states that ITAN is actively managed,https://etf.sparklinecapital.com/itan/,
ticker,IVAL,active_identified,high,Issuer states that its quantitative ETFs are actively managed,https://funds.alphaarchitect.com/documents/factsheet_qmom/,Family prospectus language covers IMOM IVAL QMOM QVAL and VMOT/AAVM.
ticker,JIG,active_identified,high,Issuer fact sheet describes portfolio-managed international growth exposure against a performance benchmark rather than index replication,https://am.jpmorgan.com/content/dam/jpm-am-aem/americas/us/en/literature/fact-sheet/etfs/FS-JIG.PDF,
ticker,JOJO,active_identified,high,SEC shareholder report states that JOJO is actively managed using a systematic rules-based rotation process,https://www.sec.gov/Archives/edgar/data/1742912/000183988223030344/atac-ncsr_083123.htm,Systematic implementation is a strategy attribute and does not negate the active management classification.
ticker,JSMD,mixed_or_changed_mandate,high,Issuer documents a passive index approach before conversion to active management on May 12 2025,https://www.janushenderson.com/en-us/advisor/product/jsmd-small-mid-cap-growth-alpha-etf/,History spans an index mandate before May 12 2025 and an active mandate afterward; exclude from whole-history active attribution.
ticker,JSML,mixed_or_changed_mandate,high,Issuer fact sheet documents a passive index approach before conversion to active management on May 12 2025,https://cdn.janushenderson.com/webdocs/FactSheet_JSML_ETF_ENG_2025_12_exp_2026_05.pdf,History spans an index mandate before May 12 2025 and an active mandate afterward; exclude from whole-history active attribution.
ticker,LRGE,active_identified,high,Issuer classifies LRGE as active equity with bottom-up security selection,https://www.franklintempleton.com/investments/options/exchange-traded-funds/products/91630/SINGLCLASS/clearbridge-large-cap-growth-esg-etf/LRGE,
ticker,MBOX,active_identified,high,SEC prospectus states that MBOX is actively managed,https://www.sec.gov/Archives/edgar/data/1592900/000159290025000169/R2.htm,
ticker,MID,active_identified,high,Issuer states that MID is actively managed and does not replicate an index,https://www.americancentury.com/advisors/investment-products/etfs/,
ticker,NUGO,active_identified,high,SEC prospectus states that NUGO is an actively managed ETF,https://www.sec.gov/Archives/edgar/data/1635073/000119312523267113/R2.htm,
ticker,OSCV,active_identified,high,SEC registration states that OSCV is actively managed and does not replicate a passive index,https://www.sec.gov/Archives/edgar/data/1540305/000089418924005071/ck0001540305-20240430.htm,
ticker,PGRO,active_identified,high,Issuer groups its focused large-cap ETF with active equity strategies managed for outperformance,https://www.putnam.com/institutional/investment-capabilities/equity-strategies,
ticker,PSET,active_identified,high,Issuer fact sheet describes PSET as an active rules-based framework,https://brandassets.principal.com/m/73515dea34a8707f/original/Principal-Quality-ETF-EFS.pdf,Systematic implementation is a strategy attribute and does not negate the active management classification.
ticker,PVAL,active_identified,high,Issuer groups PVAL with active equity strategies managed for outperformance,https://www.putnam.com/advisor/how-we-invest/equity/,
ticker,PY,active_identified,high,Issuer fact sheet describes PY as an active rules-based framework,https://brandassets.principal.com/m/70b2f8e575e1b0ac,Systematic implementation is a strategy attribute and does not negate the active management classification.
ticker,QMOM,active_identified,high,Issuer prospectus states that QMOM is actively managed using a proprietary quantitative methodology,https://alphaarchitect.com/wp-content/uploads/compliance/etf/summary_prospectus/QMOM%20Summary%20Pro.pdf,Systematic implementation is a strategy attribute and does not negate the active management classification.
ticker,QVAL,active_identified,high,Issuer states that its quantitative ETFs are actively managed,https://funds.alphaarchitect.com/documents/factsheet_qmom/,Family prospectus language covers IMOM IVAL QMOM QVAL and VMOT/AAVM.
ticker,RFDA,active_identified,high,Exchange filing based on the issuer prospectus states that RFDA is actively managed and does not follow an index,https://www.miaxglobal.com/sites/default/files/circular-files/MIAX_PEARL_Equities_PC_2020_689.pdf,
ticker,SECT,active_identified,high,Issuer prospectus states that SECT is actively managed and does not replicate an index,https://www.mainmgtetfs.com/etfs/wp-content/uploads/2022/04/Printer-Main-Sector-Rotation-ETF-4-4-22-Summary-Prospectus.pdf,
ticker,SMIG,active_identified,high,SEC prospectus states that SMIG is an actively managed ETF,https://www.sec.gov/Archives/edgar/data/1540305/000089418926014079/bahlgaynorsmallmidcapincom.htm,
ticker,SQLV,mixed_or_changed_mandate,high,SEC filing documents conversion from passive index tracking to active management effective May 10 2022,https://www.sec.gov/Archives/edgar/data/1655589/000139834424015108/fp0089655-1_def14a.htm,History spans an index mandate before May 10 2022 and an active mandate afterward; exclude from whole-history active attribution.
ticker,SXQG,active_identified,high,SEC prospectus states that SXQG is an actively managed ETF,https://www.sec.gov/Archives/edgar/data/1452937/000121390023027986/ea152672_497.htm,
ticker,VAMO,active_identified,high,Issuer prospectus identifies Cambria as investment manager of the non-index VAMO strategy,https://cambriafunds.com/assets/docs/Cambria_Prospectus.pdf,
ticker,VFMF,active_identified,high,Issuer identifies VFMF within its active factor ETF range,https://www.vanguard.com/pub/Pdf/p4419.pdf,Systematic implementation is a strategy attribute and does not negate the active management classification.
ticker,VFMO,active_identified,high,Issuer explicitly labels VFMO active,https://advisors.vanguard.com/investments/products/new/vfmo/vanguard-us-momentum-factor-etf,Systematic implementation is a strategy attribute and does not negate the active management classification.
ticker,VFQY,active_identified,high,Issuer identifies VFQY within its active factor ETF range,https://www.vanguard.com/pub/Pdf/p4419.pdf,Systematic implementation is a strategy attribute and does not negate the active management classification.
ticker,VFVA,active_identified,high,Issuer identifies VFVA within its active factor ETF range,https://www.vanguard.com/pub/Pdf/p4419.pdf,Systematic implementation is a strategy attribute and does not negate the active management classification.
ticker,VMOT,active_identified,high,Issuer factsheet identifies VMOT as an active ETF with dynamic hedging,https://alphaarchitect.com/wp-content/uploads/compliance/etf/factsheets/VMOT_Factsheet.pdf,VMOT was renamed and retickered AAVM; the management framework remained active.
ticker,WBIF,active_identified,high,Issuer regulatory brochure states that WBI provides day-to-day portfolio management for its primarily actively managed ETFs,https://www.wbiinvestments.com/_files/ugd/c0ed08_e2ddb2c4cc93486cbb561ec3e919e8d5.pdf,
ticker,WBIL,active_identified,high,Issuer regulatory brochure states that WBI provides day-to-day portfolio management for its primarily actively managed ETFs,https://www.wbiinvestments.com/_files/ugd/c0ed08_e2ddb2c4cc93486cbb561ec3e919e8d5.pdf,
ticker,WLTG,active_identified,high,Issuer states that the WLTG portfolio is actively managed using tactical allocation and quantitative security selection,https://wealthtrustetf.com/,
ticker,WTV,mixed_or_changed_mandate,high,Issuer documents current active management after an index-tracking mandate that ended December 18 2017,https://www.wisdomtree.com/us/insights/blog/revisiting-value-a-style-built-for-uncertainty,History spans an index mandate before December 18 2017 and an active mandate afterward; exclude from whole-history active attribution.
ticker,XLSR,active_identified,high,Issuer includes XLSR in its official active ETF roster,https://www.ssga.com/us/en/intermediary/capabilities/active-etfs,
