request_symbol,name,start_date,asset_class_refined,management_style,primary_strategy,sector_theme,cagr,spy_cagr,excess_cagr,sortino,spy_sortino,excess_sortino,calmar,spy_calmar,excess_calmar,martin,spy_martin,excess_martin,direction,spy_direction,breadth,spy_breadth,dbf_signed,spy_dbf_signed,excess_dbf_signed,dbf,spy_dbf,beat_spy_dbf_signed,relative_cash_return,relative_cash_cagr,relative_cash_ulcer_index,rwm_score,spy_relative_cash_return,spy_relative_cash_cagr,spy_relative_cash_ulcer_index,spy_rwm_score,beat_spy_rwm_score,excess_rwm_score,beat_spy_cagr_and_rwm,beat_spy_cagr_and_martin,beat_spy_all_four,joint_excess_score
CLSE,Convergence Long/Short Equity ETF,2022-02-22,alternatives,active_identified,long_short_market_neutral,not_sector_specific,0.20305606723230296,0.1539367065063657,0.049119360725937256,2.022853094980422,1.3380643710991795,0.6847887238812427,1.234745111131687,0.6967086016533218,0.5380365094783651,4.036004442725402,2.085260184222349,1.9507442585030534,0.11077350785027455,0.07434740174874147,0.5796972398787315,0.49322056972643924,0.06421509675248915,0.03666966784819473,0.02754542890429442,0.06421509675248915,0.03666966784819473,True,0.9096739999699104,0.15416621579420897,0.058651222129020956,2.628525207114596,0.5822432483348059,0.10704297005745067,0.0824928088618573,1.2976036521765812,True,1.3309215549380147,True,True,True,0.986159169550173
NETZ,Engine No. 1 Transform Climate ETF,2022-02-02,equity,not_determined,thematic_equity,not_sector_specific,0.2005932113275788,0.13062013403672945,0.06997307729084934,1.2873037519208637,1.149648589265061,0.1376551626558027,0.7754112857147264,0.5911791475721613,0.18423213814256512,2.856719510686667,1.7453615211812468,1.1113579895054204,0.06822381955480872,0.06297260595132328,0.5303632973727958,0.4961974963196713,0.03618340989845498,0.03124684940977185,0.004936560488683128,0.03618340989845498,0.03124684940977185,True,0.8792349351886739,0.15224114339789385,0.07976321489998821,1.908663581185672,0.4384039820560275,0.08508612550842565,0.0835206177417259,1.0187439677654304,True,0.8899196134202416,True,True,True,0.9841819080573406
BOAT,SonicShares Global Shipping ETF,2021-08-04,equity,not_determined,sector_or_industry,industrials_transport,0.2751174502329019,0.132685593775959,0.1424318564569429,1.5876614343179904,1.185533204689926,0.4021282296280644,0.8105868880959773,0.5416536911342507,0.2689331969617267,2.3074525936750185,1.5804662668296405,0.726986326845378,0.0803998766337506,0.06511560161468916,0.5755054902470084,0.5009759148658842,0.04627057041790563,0.03262134809096135,0.01364922232694428,0.04627057041790563,0.03262134809096135,True,1.8387757720317315,0.22874265927264248,0.13567277188304486,1.6859879554154569,0.5580335067556579,0.09149091196412806,0.0935973338541877,0.9774948515804824,True,0.7084931038349744,True,True,True,0.981463173504696
PVAL,Putnam Focused Large Cap Value ETF,2021-05-26,equity,systematic_or_rules_based,factor_or_style,not_sector_specific,0.16975700455500786,0.1382592906599469,0.03149771389506095,1.6282395735521025,1.241257372709869,0.38698220084223345,1.019894836384129,0.5644068281143897,0.45548800826973923,3.7995270548011075,1.6774211977819062,2.1221058570192013,0.08977978238608995,0.06866996356612827,0.5353055919803148,0.49907356708059103,0.04805961955804972,0.03427136366824186,0.013788255889807866,0.04805961955804972,0.03427136366824186,True,0.8897195046285338,0.12870174538208912,0.049615290920343565,2.5939935651837134,0.6371221678973114,0.09830951476456407,0.09188979340082239,1.069863269098222,True,1.5241302960854914,True,True,True,0.9812160158180919
CGDV,Capital Group Dividend Value ETF,2022-02-24,equity,active_identified,dividend_or_income,not_sector_specific,0.1914670897363897,0.15489599836489765,0.03657109137149206,1.8039982019638303,1.3476489648343064,0.4563492371295239,0.8777295277406948,0.7010503009432675,0.1766792267974273,3.3793201716632084,2.0964586875378495,1.282861484125359,0.10087246559410672,0.07497144021779922,0.509708897364402,0.49234597450542483,0.051415593212400704,0.036911886794107555,0.014503706418293148,0.051415593212400704,0.036911886794107555,True,0.8263189933739636,0.1429917001594232,0.06188989111955511,2.310420935839111,0.5869420246101953,0.10790852055381994,0.08256391955955804,1.3069694502085674,True,1.0034514856305434,True,True,True,0.9804745427582798
FFLC,Fidelity Fundamental Large Cap Core ETF,2020-06-05,equity,systematic_or_rules_based,factor_or_style,not_sector_specific,0.1968297033718267,0.16821866944065111,0.02861103393117559,1.6327091350061531,1.4502476217489837,0.18246151325716942,0.9983021669479086,0.6867080338357738,0.3115941331121348,4.466966949183901,2.197673809753083,2.269293139430818,0.0887627708010104,0.08139934097494587,0.5327832385309909,0.5090712361082976,0.0472913164883464,0.0414380631285165,0.005853253359829898,0.0472913164883464,0.0414380631285165,True,1.5358505999535992,0.16112907443880564,0.04695096586396744,3.4318585672049893,1.1810756555508868,0.1333714884985091,0.08515388405494671,1.5662408118982492,True,1.8656177553067401,True,True,True,0.9799802273850717
USG,USCF Gold Strategy Plus Income Fund,2021-11-03,commodity,not_determined,precious_metals,not_sector_specific,0.17363962087621498,0.12585330359253755,0.04778631728367744,1.5063629648435852,1.1221485688763584,0.38421439596722684,0.6983886435632969,0.5137626813310366,0.18462596223226024,2.28241487337498,1.463148683761668,0.819266189613312,0.08944731656733126,0.061089841534272694,0.47660051453012303,0.5011527380255968,0.04263063709932888,0.030615341350450586,0.012015295748878291,0.04263063709932888,0.030615341350450586,True,0.7925653305435139,0.12883921069620374,0.08753271202677783,1.4718978506776932,0.4673453713092226,0.0828770024296559,0.09592439224225383,0.8639825647302807,True,0.6079152859474125,True,True,True,0.9789915966386554
IAUM,iShares Gold Trust Micro Shares,2021-07-01,commodity,not_determined,precious_metals,not_sector_specific,0.19911299321298892,0.13445932726767018,0.06465366594531874,1.5516349991024694,1.2048468455651622,0.3467881535373072,0.7569107372626105,0.5488944869549037,0.20801625030770676,2.3101376798220055,1.6158666293833739,0.6942710504386316,0.08772866117197212,0.06623877552760049,0.5036279713350865,0.5018437183808783,0.04418260765398349,0.03324151341176735,0.010941094242216141,0.04418260765398349,0.03324151341176735,True,1.1146742788778012,0.15625459813391562,0.09672939890037129,1.615378570633461,0.5888361929477766,0.09391176725925199,0.09276914289817693,1.0123168580131132,True,0.6030617126203477,True,True,True,0.9787444389520514
DARP,Grizzle Growth ETF,2021-12-17,equity,systematic_or_rules_based,factor_or_style,not_sector_specific,0.2053590913507306,0.13096352016616053,0.07439557118457008,1.1890937232418777,1.1595874029159816,0.029506320325896063,0.6784640594333726,0.5346237830590211,0.14384027637435148,2.008548049389139,1.5035692183527969,0.5049788310363419,0.05869474629539558,0.06345578629123144,0.5654261775262451,0.4986626168274484,0.03318754603867826,0.031643028444828795,0.0015445175938494649,0.03318754603867826,0.031643028444828795,True,0.9930700119812037,0.15821486648419847,0.11073609231979144,1.4287560918015285,0.4777734811133785,0.08672906846363149,0.09714416049659455,0.8927872557679041,True,0.5359688360336244,True,True,True,0.976767177459219
DFIV,Dimensional International Value ETF,2021-09-13,equity,active_identified,factor_or_style,not_sector_specific,0.16102759879652795,0.13188138803344907,0.029146210763078884,1.438683983942888,1.1710746419338367,0.2676093420090513,0.6335316595110506,0.5383707348127272,0.09516092469832338,2.375811337746502,1.55545784437668,0.820353493369822,0.07789608372650876,0.06402671167509051,0.540956742359936,0.5031398036813208,0.042138411695289,0.032214387142565575,0.009924024552723426,0.042138411695289,0.032214387142565575,True,0.7373324286840945,0.11790865943886342,0.07416677312899415,1.5897773957860002,0.5316689959606582,0.08984489813323226,0.09454118416929166,0.9503255001793725,True,0.6394518956066277,True,True,True,0.9733069698467622
SPMO,Invesco S&P 500 Momentum ETF,2015-10-12,equity,systematic_or_rules_based,factor_or_style,not_sector_specific,0.18932742153419957,0.14983055143955748,0.03949687009464209,1.3659155303972388,1.2415629021879684,0.1243526282092704,0.6117683414279204,0.4443736729838416,0.16739466844407874,2.678652699753997,2.1503514186252923,0.5283012811287047,0.0854534821096619,0.07626734347405813,0.39064087785071544,0.42347665187467953,0.03338162326671873,0.032297439261770325,0.0010841840049484047,0.03338162326671873,0.032297439261770325,True,4.150852252993677,0.16263628012543707,0.0776036103232095,2.0957308487076434,2.56721593855065,0.12402580727163182,0.07564028069046926,1.6396793631578788,True,0.4560514855497646,True,True,True,0.9728126544735541
QTUM,Defiance Quantum ETF,2018-09-05,equity,not_determined,other_equity,not_sector_specific,0.2620852335871724,0.14828234592451417,0.11380288766265823,1.4181205777010502,1.1473255024452886,0.2707950752557615,0.6816501503820355,0.43978194075938143,0.24186820962265404,2.1850585587667273,1.8787436743231127,0.30631488444361454,0.07311343079742794,0.06825214910059271,0.5226735717902042,0.432573810169393,0.03821445802072758,0.0295240921886929,0.00869036583203468,0.03821445802072758,0.0295240921886929,True,4.135942326063741,0.2276358218100265,0.1278318656649,1.780743953207675,1.4165307448808493,0.11693925568111774,0.08593690331659881,1.3607571505142981,True,0.41998680269337685,True,True,True,0.97256549678695
FTEC,Fidelity MSCI Information Technology Index ETF,2013-10-24,equity,index_passive_identified,sector_or_industry,technology,0.22141543908280203,0.14136114135293343,0.0800542977298686,1.3986205298818537,1.2166105955189646,0.18200993436288915,0.6334899624937513,0.41925474475432245,0.21423521773942888,2.390847944814265,2.170906872660396,0.21994107215386904,0.07804110456372769,0.07442938905764333,0.477002071031755,0.4293275104658975,0.03722576850250386,0.03195458430961572,0.005271184192888134,0.03722576850250386,0.03195458430961572,True,9.174588905404343,0.19796886206470643,0.09755728366420945,2.0292576282270423,3.2599003928738632,0.11945130539548998,0.0705410244217441,1.693359380228527,True,0.3358982479985153,True,True,True,0.9676223430548689
VGT,Vanguard Information Tech ETF,2004-01-30,equity,not_determined,other_equity,not_sector_specific,0.15002800349267642,0.10865057592957794,0.04137742756309848,1.0402504292504624,0.9143590689642372,0.12589136028622516,0.27462462013239364,0.1968683904674619,0.07775622966493173,1.187652060127333,0.8986413950228692,0.2890106651044638,0.05569227155167923,0.05422328321915344,0.4827135964100924,0.4129541387495056,0.02688341669295856,0.022391729221936028,0.004491687471022531,0.02688341669295856,0.022391729221936028,True,14.393028241266062,0.12873110584331804,0.13401859303606659,0.9605466146676708,5.730437489141563,0.08811992991681339,0.130447950152065,0.6755179350391536,True,0.2850286796285172,True,True,True,0.9661393969352448
AVLV,Avantis U.S. Large Cap Value ETF,2021-09-23,equity,active_identified,factor_or_style,not_sector_specific,0.1494588119174063,0.1336824537494563,0.015776358167949978,1.3106865685966271,1.185286507106901,0.12540006148972616,0.7663667582366734,0.5457231071787726,0.22064365105790085,2.7131228690800877,1.572129753201399,1.1409931158786888,0.07132279644166462,0.06492795357064324,0.5227901872659677,0.5020528414574343,0.037286858108070337,0.032597263580157805,0.0046895945279125315,0.037286858108070337,0.032597263580157805,True,0.6469625609761995,0.1065418319057605,0.06289165051463008,1.69405367857179,0.5385248987018141,0.09135451063163447,0.09482184629035564,0.9634331560249967,True,0.7306205225467932,True,True,True,0.9649036085022245
GDMN,WisdomTree Efficient Gold Plus Gold Miners Strategy Fund,2021-12-16,commodity,not_determined,precious_metals,materials_and_mining,0.40267750372534317,0.1283098358689665,0.2743676678563767,1.3503083389618071,1.1391131193785422,0.21119521958326493,0.7623514103425579,0.5237908218175231,0.2385605885250348,1.6091188049256173,1.4736897372829627,0.1354290676426546,0.05932474788843516,0.062207750645964385,0.5391999304843232,0.49900647991552183,0.03198789993744424,0.03104207067330522,0.0009458292641390219,0.03198789993744424,0.03104207067330522,True,3.0652088011164498,0.3478464251298019,0.26595253444150385,1.3079267165484019,0.46204244629174074,0.08420387058019307,0.09710497493064048,0.8671427044838607,True,0.4407840120645412,True,True,True,0.9639149777558083
RSPT,Invesco S&P 500 Equal Weight Technology ETF,2006-11-07,equity,systematic_or_rules_based,factor_or_style,technology,0.14750440504508822,0.11069723860444869,0.03680716644063953,1.0006589831434043,0.8989056714353063,0.10175331170809798,0.25037863349009715,0.20057682167626462,0.04980181181383253,1.0362728356198911,0.8602644843993842,0.17600835122050695,0.053039198646228324,0.052886224256011284,0.48498884557238087,0.4111262577104806,0.02572341972151846,0.021742915462811166,0.0039805042587072945,0.02572341972151846,0.021742915462811166,True,9.925307573750715,0.12831459544699553,0.15251402346396467,0.8413298169745888,4.728049943512048,0.09212295824766925,0.13879048429926058,0.6637555788697543,True,0.17757423810483441,True,True,True,0.9592189817103312
INFL,Horizon Kinetics Inflation Beneficiaries ETF,2021-01-12,equity,not_determined,other_equity,not_sector_specific,0.16660075449713774,0.14982795148211214,0.016772803015025595,1.3649400594971566,1.3392438975373813,0.02569616195977531,0.7823348808478787,0.6116328129216518,0.17070206792622689,2.4369319661302624,1.8788875467243071,0.5580444194059553,0.07362643787418409,0.07429871065298993,0.5639421850012422,0.5032692296378622,0.04152105424862559,0.03739225487341667,0.004128799375208915,0.04152105424862559,0.03739225487341667,True,0.9709129073364053,0.1282303923847785,0.08758544263371207,1.4640605622220375,0.8167619687177476,0.11200925927296956,0.08888471775449464,1.2601633003138561,True,0.20389726190818136,True,True,True,0.9584775086505191
QTEC,First Trust NASDAQ-100-Technology Sector Index Fund,2006-05-02,equity,index_passive_identified,sector_or_industry,technology,0.15234322385052623,0.11113680657993696,0.04120641727058927,0.9600584237237754,0.907508774903934,0.052549648819841366,0.25876879150336535,0.20137329274045396,0.05739549876291139,1.0002485070921785,0.8742760853582701,0.12597242173390844,0.04805274947104997,0.053548786570537826,0.5018458830915751,0.41103422890269514,0.024115074493277287,0.02201038419669601,0.0021046902965812762,0.024115074493277287,0.02201038419669601,True,11.437501549239062,0.1320495279733449,0.1599815050965403,0.8254049609900849,4.933775404119635,0.09156878902755494,0.13713216731555844,0.6677411348487157,True,0.1576638261413692,True,True,True,0.9560059317844785
PPI,Astoria Real Assets ETF,2021-12-30,equity,not_determined,other_equity,not_sector_specific,0.14285883701984403,0.12360228293983333,0.0192565540800107,1.137877017862263,1.1014083204834575,0.03646869737880554,0.5820331679830659,0.5045734874580722,0.07745968052499375,1.7252439781925837,1.4142407135415784,0.31100326465100525,0.06156961186409871,0.06005115938404405,0.5292826585225864,0.4978223541591964,0.03258772785163394,0.02989480953455393,0.0026929183170800106,0.03258772785163394,0.02989480953455393,True,0.5448725931347296,0.09783133644417519,0.1013756147155506,0.9650381575360082,0.42725830596523195,0.07933347142692226,0.09747508424563674,0.8138846151392114,True,0.1511535423967968,True,True,True,0.9555116164112704
IUS,Invesco RAFI Strategic US ETF,2018-09-12,equity,not_determined,other_equity,not_sector_specific,0.15779899722861623,0.14861979395619263,0.009179203272423608,1.289756723307239,1.1485103156128766,0.14124640769436225,0.45512347585013124,0.44078275814834106,0.014340717701790184,2.6006830630914286,1.880674260255739,0.7200088028356897,0.08083771024074826,0.06827610441935805,0.4079194550251004,0.43314494470828296,0.03297527470688301,0.029573449473619798,0.0034018252332632115,0.03297527470688301,0.029573449473619798,True,1.5747367503682388,0.1261739178274941,0.06525631426701033,1.9335127833181969,1.4166805641258495,0.11724544290517658,0.08604406692861837,1.36262088822978,True,0.570891895088417,True,True,True,0.9545229856648543
RWLC,Rayliant Wilshire NxtGen US Large Cap Equity ETF,2021-12-16,equity,not_determined,other_equity,not_sector_specific,0.1415945328794721,0.1283098358689665,0.013284697010505608,1.322105406379564,1.1391131193785422,0.18299228700102188,0.6744057828553643,0.5237908218175231,0.15061496103784122,1.9328507788051743,1.4736897372829627,0.4591610415222116,0.07170386897172994,0.062207750645964385,0.5127935592121944,0.49900647991552183,0.03676928217929822,0.03104207067330522,0.005727211505993004,0.03676928217929822,0.03104207067330522,True,0.5446979008614783,0.09696926485434876,0.08529620148525974,1.136853261526614,0.46204244629174074,0.08420387058019307,0.09710497493064048,0.8671427044838607,True,0.2697105570427534,True,True,True,0.9540286702916461
GARP,iShares MSCI USA Quality GARP ETF,2020-01-16,equity,systematic_or_rules_based,factor_or_style,not_sector_specific,0.209556822247984,0.15247006324965784,0.05708675899832616,1.3144074616769057,1.141341460902369,0.1730660007745366,0.6687435904341413,0.4522020467478644,0.21654154368627693,1.9184302206658415,1.8252727618470275,0.09315745881881399,0.07087429557173908,0.06740023758178429,0.5038960343513176,0.4313567591682975,0.03571327647604247,0.029073548050451762,0.0066397284255907095,0.03571327647604247,0.029073548050451762,True,1.9074753750943914,0.17509437665227967,0.11652896026949298,1.5025825017862018,1.111679175076421,0.1196341219157031,0.0911210524626855,1.3129141804490663,True,0.18966832133713551,True,True,True,0.953781512605042
IJJ,iShares S&P Mid-Cap 400 Value ETF,2000-07-28,equity,systematic_or_rules_based,factor_or_style,not_sector_specific,0.1033980629096749,0.08608363263616226,0.01731443027351265,0.7962316110329878,0.7478738220895045,0.048357788943483304,0.17826111810752973,0.15597842954516744,0.02228268856236229,0.8283753393044051,0.5330203210581741,0.295355018246231,0.041988774092984925,0.04135931211991293,0.4610673426058856,0.4343570304326293,0.019359652490331416,0.017964707993141635,0.001394944497189781,0.019359652490331416,0.017964707993141635,True,6.75188424192832,0.08167740464070183,0.13563444306824385,0.6021877835234389,4.13141756363699,0.06470381312315121,0.2036749040576392,0.317681814666967,True,0.28450596885647195,True,True,True,0.9520514087988137
AAAU,Goldman Sachs Physical Gold ETF Shares,2018-08-15,commodity,not_determined,precious_metals,not_sector_specific,0.18229664707046744,0.15077920699564396,0.03151744007482349,1.5061131512908246,1.1665114838076331,0.3396016674831914,0.6933528166464201,0.4471872350364695,0.2461655816099506,2.0332611076064073,1.9169791188890684,0.11628198871733897,0.0860313157881228,0.06962491217654936,0.49854211541849125,0.43168527010932467,0.04289023416524699,0.030056049019271718,0.012834185145975271,0.04289023416524699,0.030056049019271718,True,2.076340855199342,0.15009271645427358,0.09760882813324469,1.5376961215985887,1.475935058991456,0.11943376266196193,0.08564093660958605,1.3945873012392225,True,0.14310882035936623,True,True,True,0.9518042511122096
SLYV,State Street SPDR S&P 600 Small Cap Value ETF,2000-10-02,equity,systematic_or_rules_based,factor_or_style,not_sector_specific,0.1059020247540412,0.08609086069526173,0.019811164058779474,0.7934784986058777,0.7470868091406775,0.046391689465200225,0.17269488762928295,0.15599152635895736,0.016703361270325595,0.7887896913453804,0.5725140041674214,0.21627568717795898,0.040014339840534006,0.04132824036117166,0.4777532274584691,0.433520201754168,0.019116980003435126,0.017916627099519886,0.0012003529039152395,0.019116980003435126,0.017916627099519886,True,7.172766770555903,0.08448129734257015,0.14824533178752758,0.5698749250576932,4.116996313368156,0.0650538648761998,0.1790224476567587,0.36338384223708153,True,0.20649108282061168,True,True,True,0.9503213049925853
MGK,Vanguard Morningstar Mega Cap Growth ETF,2007-12-27,equity,systematic_or_rules_based,factor_or_style,not_sector_specific,0.13612529252267058,0.11261055976385603,0.02351473275881455,1.005820241197168,0.9051418152516901,0.10067842594547782,0.2837475511412051,0.2134121013426605,0.07033544979854459,1.110376623876248,0.9510418861787392,0.15933473769750883,0.05685141316096987,0.05328124755615567,0.4477093693493237,0.40842563474370147,0.025452910332915663,0.021761427353059172,0.0036914829798564905,0.025452910332915663,0.021761427353059172,True,7.223513651316177,0.11947071684903476,0.12946647176868994,0.9227927139505739,4.565174505939825,0.09630068893813992,0.12571326527485865,0.7660344254648762,True,0.15675828848569773,True,True,True,0.9500741473059812
SOXQ,Invesco PHLX Semiconductor ETF,2021-06-11,equity,not_determined,sector_or_industry,semiconductors,0.28778474654622244,0.13678559542293267,0.15099915112328977,1.2572151684750246,1.2260033590574817,0.03121180941754287,0.6255208007224715,0.5583908587689647,0.06712994195350686,1.6693678977881858,1.6526196709662562,0.016748226821929668,0.05682960867669391,0.06759751984093072,0.5500544863360822,0.501014617712009,0.03125938120933943,0.03386734556138385,-0.0026079643520444187,0.03125938120933943,0.03386734556138385,False,2.097809589077692,0.24222011528430776,0.1832070754302514,1.3221111396242071,0.6169456365530781,0.09656364325412525,0.09227469605950636,1.0464802093940577,True,0.2756309302301494,True,True,True,0.9490855165595651
HLAL,Wahed FTSE USA Shariah ETF,2019-07-16,equity,index_passive_identified,other_equity,not_sector_specific,0.17343984239882282,0.15845148728626945,0.014988355112553364,1.2694501980203474,1.1960554727073573,0.07339472531299007,0.5165913252661687,0.4699420026065678,0.04664932265960087,2.2472458569017664,1.96398339635602,0.28326246054574633,0.07355519050759952,0.07141728316993426,0.4597678182366094,0.43096579241208477,0.03381830945965719,0.030778406033248964,0.0030399034264082282,0.03381830945965719,0.030778406033248964,True,1.554631461983759,0.1408291559163759,0.08292554242974488,1.698260292185455,1.3312320174224657,0.12625733732474353,0.08799678161133676,1.4347949437786895,True,0.2634653484067655,True,True,True,0.948838358872961
IJH,iShares Core S&P Mid-Cap ETF,2000-05-26,equity,index_passive_identified,broad_equity,not_sector_specific,0.09850827361456083,0.08680118343029974,0.011707090184261082,0.7718726689662333,0.7534150021285725,0.018457666837660813,0.17889524925871794,0.1572785889664305,0.021616660292287454,0.841039289863715,0.5391786711152785,0.3018606187484365,0.04008231542018892,0.04165322949452221,0.4746531505686559,0.4354920126668702,0.01902519729627929,0.01813964874664452,0.0008855485496347716,0.01902519729627929,0.01813964874664452,True,5.936861970590374,0.0765552905511464,0.13278413689054847,0.5765394296628183,4.235828337458428,0.06508215905314207,0.2032838674378216,0.32015407751453145,True,0.2563853521482869,True,True,True,0.9485912011863569
FNGS,"MicroSectors FANG  ETNs due January 8, 2038",2019-11-13,equity,not_determined,other_equity,not_sector_specific,0.32017383492744345,0.16068876945346888,0.15948506547397456,1.5279315307255046,1.2029449882900274,0.3249865424354772,0.6536181377764394,0.4765774269882282,0.1770407107882112,1.9532152372319054,1.9482800251097867,0.004935212122118671,0.07742010601412717,0.07176364335572392,0.5334370225807269,0.42929433017854646,0.041298750840060225,0.0308077252055676,0.010491025634492626,0.041298750840060225,0.0308077252055676,True,4.430641372992401,0.282996133107964,0.16881029396363834,1.6764151430772418,1.2656115486909942,0.12800236116820596,0.08996917534750236,1.4227357389217132,True,0.2536794041555286,True,True,True,0.9471082550667326
IJR,iShares Core S&P Small-Cap ETF,2000-05-26,equity,index_passive_identified,broad_equity,not_sector_specific,0.10146549768181146,0.08680118343029974,0.014664314251511712,0.7641798650915844,0.7534150021285725,0.010764862963011934,0.1744862355673926,0.1572785889664305,0.017207646600962107,0.7539548018202676,0.5391786711152785,0.21477613070498913,0.03719143676042118,0.04165322949452221,0.5067028074035598,0.4354920126668702,0.018845005417877366,0.01813964874664452,0.0007053566712328478,0.018845005417877366,0.01813964874664452,True,6.444221254142037,0.07945341639271897,0.14874739834178013,0.5341499567619806,4.235828337458428,0.06508215905314207,0.2032838674378216,0.32015407751453145,True,0.21399587924744917,True,True,True,0.9451309935739002
RISR,FolioBeyond Alternative Income and Interest Rate Hedge ETF,2021-10-01,alternatives,not_determined,alternative_income,not_sector_specific,0.13966761951050688,0.1390388924753574,0.00062872703514949,1.8584957238315545,1.2275747033094568,0.6309210205220976,0.9762255033245163,0.5675893454391044,0.40863615788541185,4.127706841707151,1.6317019608503551,2.4960048808567956,0.10339771099866212,0.0674264349398559,0.4737743109084757,0.5016161369178,0.048987179277904865,0.03382218782066989,0.015164991457234975,0.048987179277904865,0.03382218782066989,True,0.5744837589181979,0.09693370603049178,0.040374922066887434,2.4008394584615123,0.5702266883475475,0.09632855426085185,0.09502680412082717,1.0136987679641367,True,1.3871406904973755,True,True,True,0.9429065743944637
IYK,iShares U.S. Consumer Staples ETF,2000-06-16,equity,not_determined,sector_or_industry,consumer_staples,0.0888329208063261,0.08439880498965224,0.004434115816673856,0.8857274146199265,0.7363255532405123,0.14940186137941425,0.2083526894069754,0.15292562191717574,0.05542706748979967,1.0893152980738883,0.5237009361391837,0.5656143619347046,0.05052842239158696,0.04056038427230764,0.4710646889620549,0.4352448723254093,0.023802155577636243,0.017653699274070078,0.006148456303566165,0.023802155577636243,0.017653699274070078,True,4.49298815292324,0.06718082917620904,0.09230579094579931,0.7278073075139642,3.936036907319391,0.06283488839550877,0.20349939643174386,0.3087718661444991,True,0.4190354413694651,True,True,True,0.9424122590212556
FBT,First Trust Amex Biotech Index Fund,2006-06-23,equity,index_passive_identified,sector_or_industry,healthcare_biotech,0.13955995000155452,0.11471382497927651,0.02484612502227801,0.9344308835573159,0.9305041800324635,0.00392670352485236,0.34447057467600234,0.20785463762910789,0.13661593704689445,0.9730184475451519,0.8998900547418441,0.07312839280330774,0.04418258879187687,0.055170184821843306,0.5396311331901258,0.41005267371337384,0.023842300457033866,0.022622681795457844,0.0012196186615760218,0.023842300457033866,0.022622681795457844,True,8.801839147016041,0.11974868491811819,0.15694376601192161,0.7630037685537758,5.281998607837444,0.09533451011409055,0.1374933618033409,0.6933753663718626,True,0.06962840218191324,True,True,True,0.9419179436480475
SPUS,SP Funds S&P 500 Sharia Industry Exclusions ETF,2019-12-18,equity,index_passive_identified,broad_equity,not_sector_specific,0.1853573044433683,0.15738274691625986,0.027974557527108423,1.3120639262610756,1.176662789494248,0.13540113676682752,0.6017810223684076,0.4667722880248334,0.1350087343435742,1.940949233101479,1.894802592585301,0.04614664051617812,0.07265070284487923,0.06984787807562488,0.48575735122714486,0.43069692144423544,0.03529061297871893,0.030083266056583947,0.0052073469221349845,0.03529061297871893,0.030083266056583947,True,1.5750181646603254,0.15176472164645438,0.10282387252388997,1.4759677681969579,1.194554575960411,0.12458295261983743,0.09060553023738505,1.3750038468229486,True,0.10096392137400922,True,True,True,0.9414236282748394
ONEQ,Fidelity Nasdaq Composite Index ETF,2003-10-01,equity,index_passive_identified,other_equity,not_sector_specific,0.1329399106648288,0.11235485642989218,0.020585054234936617,0.9971260420147087,0.9437784199010073,0.053347622113701365,0.24131987505142674,0.20358032672456502,0.037739548326861716,1.0355130361615787,0.9359987118178164,0.0995143243437624,0.05428190682388526,0.05625782139900816,0.4822669201092395,0.4131269689226794,0.026178368021611855,0.02324162323276569,0.0029367447888461636,0.026178368021611855,0.02324162323276569,True,10.403678199640893,0.11209762074252616,0.13627330744953736,0.8225941150216555,6.492315801706625,0.09189126238050571,0.12951075659082736,0.709526102691411,True,0.11306801233024444,True,True,True,0.9414236282748394
SNPE,Xtrackers S&P 500 Scored & Screened ETF,2019-06-26,equity,index_passive_identified,broad_equity,not_sector_specific,0.17313002513110853,0.16225191060472732,0.01087811452638121,1.305822344727212,1.2233907038551923,0.0824316408720196,0.5187275302056998,0.4812134559429579,0.03751407426274195,2.2064286640126234,2.0183494079033077,0.18807925610931564,0.07652656827081618,0.0733126199439917,0.45294531853008574,0.4304217076321857,0.034662350841439184,0.03155534306728234,0.0031070077741568447,0.034662350841439184,0.03155534306728234,True,1.5687968907998098,0.14056120938052863,0.08551727354182798,1.643658685069955,1.402743322565605,0.129985096593199,0.0876801434963784,1.4824918323561822,True,0.16116685271377285,True,True,True,0.9411764705882353
RTH,VanEck Retail ETF,2001-05-17,equity,not_determined,sector_or_industry,consumer_discretionary,0.09994790350321492,0.09269778069268453,0.0072501228105303905,0.8502890457939434,0.7973787626463426,0.05291028314760082,0.2384742423048326,0.1679628729874645,0.0705113693173681,0.9491644045247992,0.678895167174906,0.2702692373498933,0.04403197992006229,0.045028556424541774,0.4904454015653378,0.4292579521391457,0.02159528207361184,0.019328865918580775,0.0022664161550310646,0.02159528207361184,0.019328865918580775,True,5.944878421535173,0.07967061676952869,0.11795455613078633,0.6754348401870213,4.875621678470151,0.07255414830627727,0.1503907043672352,0.48243771855146816,True,0.1929971216355531,True,True,True,0.9394463667820069
VUG,Vanguard Morningstar Growth ETF,2004-01-30,equity,systematic_or_rules_based,factor_or_style,not_sector_specific,0.1222952308442895,0.10865057592957794,0.013644654914711563,0.9567153677771966,0.9143590689642372,0.042356298812959325,0.24133145136703898,0.1968683904674619,0.04446306089957708,1.0181447389825902,0.8986413950228692,0.11950334395972095,0.054488557843935026,0.05422328321915344,0.4446217453497438,0.4129541387495056,0.024226797690160864,0.022391729221936028,0.001835068468224836,0.024226797690160864,0.022391729221936028,True,7.871169451453444,0.10151190505477437,0.12807148048565742,0.7926191269893422,5.730437489141563,0.08811992991681339,0.130447950152065,0.6755179350391536,True,0.11710119195018864,True,True,True,0.9377162629757786
RECS,Columbia Research Enhanced Core ETF,2019-09-25,equity,not_determined,other_equity,not_sector_specific,0.16800677490267413,0.16368584335144543,0.004320931551228702,1.2817618622583162,1.2273134023963745,0.05444845986194169,0.4899633842154607,0.4854662732445613,0.004497110970899387,2.351174380801741,2.004531191090692,0.3466431897110489,0.07752651891545718,0.07348349274914699,0.426025347412006,0.4291551128644602,0.0330282621546011,0.03153581662443492,0.0014924455301661768,0.0330282621546011,0.03153581662443492,True,1.4083958482939498,0.1353500698963519,0.07847982495736142,1.7246479585025636,1.3473759774101572,0.13114994876339559,0.08907363849425598,1.4723766872041828,True,0.2522712712983808,True,True,True,0.9377162629757785
EFIV,State Street SPDR S&P 500 ESG ETF,2020-07-29,equity,systematic_or_rules_based,broad_equity,not_sector_specific,0.17691401530611994,0.1683451542475516,0.008568861058568356,1.5408793632826856,1.4762911301808224,0.06458823310186323,0.7213807296254438,0.6872243744616131,0.03415635516383064,2.350470184846699,2.177716531479444,0.17275365336725468,0.08520826493725019,0.08223616289076113,0.5190717600570314,0.509597418323253,0.044229204052384286,0.04190733630194238,0.0023218677504419083,0.044229204052384286,0.04190733630194238,True,1.2301201466619478,0.1409915642618702,0.0836529557984068,1.685434339004617,1.1331927937240924,0.1326842469421632,0.08603306931677517,1.5422470451869807,True,0.14318729381763617,True,True,True,0.9367276322293623
VSLU,Applied Finance Valuation Large Cap ETF,2021-04-30,equity,not_determined,other_equity,not_sector_specific,0.1422262212484493,0.13719454151588328,0.005031679732566019,1.3334433206483747,1.234383018502315,0.09906030214605965,0.5959766212355274,0.5600602725645244,0.03591634867100302,1.9061221597337097,1.6752926014238403,0.2308295583098694,0.07321067055089096,0.06819489923066117,0.51874312258081,0.5004736547201771,0.03797753184780413,0.034129750451243196,0.0038477813965609314,0.03797753184780413,0.034129750451243196,True,0.6831244011545408,0.10265459687808565,0.08269308465261978,1.241392763485858,0.643995366311567,0.09779723615223213,0.09129257769986909,1.0712506823254302,True,0.17014208116042773,True,True,True,0.9335145823035096
RSPH,Invesco S&P 500 Equal Weight Health Care ETF,2006-11-07,equity,systematic_or_rules_based,factor_or_style,healthcare_biotech,0.11250434212511129,0.11069723860444869,0.0018071035206626007,0.9636238358245695,0.8989056714353063,0.06471816438926314,0.27581341646238033,0.20057682167626462,0.07523659478611572,1.2476961689010384,0.8602644843993842,0.3874316845016542,0.05326161640177837,0.052886224256011284,0.4904136735514765,0.4111262577104806,0.026120224958885708,0.021742915462811166,0.004377309496074542,0.026120224958885708,0.021742915462811166,True,4.915484120168491,0.0938998414290173,0.11197444430976833,0.8385827856332193,4.728049943512048,0.09212295824766925,0.13879048429926058,0.6637555788697543,True,0.17482720676346497,True,True,True,0.9315373208106772
PPA,Invesco Aerospace & Defense ETF,2005-10-26,equity,not_determined,sector_or_industry,industrials_transport,0.13418793568560972,0.11385303436614858,0.02033490131946114,1.0062827404211419,0.9324277093027545,0.07385503111838732,0.233880426497956,0.2062949361633206,0.02758549033463542,0.9172645974172705,0.9067172518673426,0.010547345549927867,0.05565947535193137,0.05540355096604245,0.4695822860296345,0.41000344927593024,0.02613670367497003,0.022715646998212203,0.0034210566767578256,0.02613670367497003,0.022715646998212203,True,8.39269291443718,0.11348147960583499,0.15600534390196727,0.7274204637319732,5.442606018523395,0.09351782517395724,0.13545905249990936,0.6903770803654471,True,0.03704338336652613,True,True,True,0.930548690064261
PJP,Invesco Pharmaceuticals ETF,2005-06-23,equity,not_determined,other_equity,not_sector_specific,0.11986846517112526,0.11192203719441296,0.0079464279767123,0.9844165297478218,0.9232370403920388,0.06117948935578299,0.3234660905345704,0.20279608397644208,0.12067000655812835,0.9989581648803659,0.898422678734001,0.10053548614636498,0.052454380343403904,0.05479411610856903,0.5138578982297434,0.41037039057261865,0.026954097636205095,0.02248588282855489,0.004468214807650205,0.026954097636205095,0.02248588282855489,True,6.401977703362131,0.09911927333953274,0.1377253848918891,0.7196877570343247,5.365660469792806,0.09132007868851244,0.1344001456482318,0.6794641348643052,True,0.04022362217001951,True,True,True,0.9278299555116164
JQUA,JPMorgan U.S. Quality Factor ETF,2017-11-09,equity,systematic_or_rules_based,factor_or_style,not_sector_specific,0.15086444740802785,0.14996942301687755,0.0008950243911503009,1.2618916101177116,1.1772985169088492,0.08459309320886232,0.4582789675769128,0.4447855440761779,0.013493423500734902,2.309529860158193,1.9667244594315536,0.34280540072663945,0.07847118776123367,0.07074261988094553,0.3988811978486833,0.4320908859262528,0.031300681370809824,0.030567241297101897,0.000733440073707927,0.031300681370809824,0.030567241297101897,True,1.7245540903441605,0.12064343844700764,0.07019398285159198,1.7187148177939797,1.7059651831332654,0.1197719168586473,0.08296429300041883,1.443656210727218,True,0.2750586070667618,True,True,True,0.9273356401384083
CGUS,Capital Group Core Equity ETF,2022-02-24,equity,active_identified,other_equity,not_sector_specific,0.1583393771737176,0.15489599836489765,0.0034433788088199524,1.4396624847980124,1.3476489648343064,0.09201351996370599,0.7147447442131203,0.7010503009432675,0.013694443269852807,2.2589377756513027,2.0964586875378495,0.16247908811345324,0.08022903390381061,0.07497144021779922,0.5067441164820239,0.49234597450542483,0.04065559090179285,0.036911886794107555,0.0037437041076852917,0.04065559090179285,0.036911886794107555,True,0.6083769276255377,0.1112118039033052,0.07739991892144316,1.4368465168055193,0.5869420246101953,0.10790852055381994,0.08256391955955804,1.3069694502085674,True,0.12987706659695197,True,True,True,0.926099851705388
GSPY,Gotham Enhanced 500 ETF,2020-12-29,equity,not_determined,other_equity,not_sector_specific,0.1552376713520589,0.15270240897139975,0.0025352623806591534,1.412170367978788,1.3634604763864948,0.04870989159229322,0.6662787823987544,0.6233670220755868,0.04291176032316757,2.109282549197193,1.9209639737438342,0.18831857545335873,0.07907342833339923,0.07570996329183916,0.506744537292308,0.503914288711548,0.040070027852924864,0.03815133230058453,0.0019186955523403312,0.040070027852924864,0.03815133230058453,True,0.8756369941038271,0.11748712336065337,0.08232783610855343,1.4270643917537276,0.8524497998798559,0.11503470760674928,0.08860522508266948,1.2982835662278478,True,0.12878082552587977,True,True,True,0.9253583786455759
SPXN,ProShares S&P 500 Ex-Financials ETF,2015-09-24,equity,index_passive_identified,sector_or_industry,financials,0.158312371809741,0.15371330817298134,0.004599063636759659,1.3294117037709874,1.269136022373984,0.060275681397003344,0.49321171108953976,0.4558893141822277,0.03732239690731204,2.3341642436644485,2.2107984144996795,0.12336582916476901,0.091696225540713,0.07806315685159843,0.3344575931416723,0.42386665405562574,0.030668498894522805,0.03308836909970652,-0.002419870205183715,0.030668498894522805,0.03308836909970652,False,2.891951211172184,0.1324266353211927,0.0734368643124697,1.8032719201860918,2.726385821934778,0.12793035065174152,0.07547815230682833,1.6949321988128208,True,0.10833972137327108,True,True,True,0.9243697478991597
PWB,Invesco Large Cap Growth ETF,2005-03-03,equity,systematic_or_rules_based,factor_or_style,not_sector_specific,0.12065191044657153,0.11006753003917424,0.010584380407397287,0.9182020986537275,0.9135610369767737,0.004641061676953773,0.22948813544441388,0.199435827156461,0.030052308287952884,0.8943482789376062,0.8894228063877266,0.004925472549879517,0.05176498000285678,0.054134516725486206,0.44788204165263684,0.4110318104892774,0.023184604929787415,0.022251008419638663,0.0009335965101487514,0.023184604929787415,0.022251008419638663,True,6.710700373532005,0.09972718323906449,0.14499221809407542,0.6878105911474395,5.2883728816211875,0.0893404335773258,0.13351485065998214,0.6691422949260238,True,0.018668296221415637,True,True,True,0.9206623826000988
ILCB,iShares Morningstar Large-Cap ETF,2004-07-13,equity,index_passive_identified,other_equity,not_sector_specific,0.11341437931196796,0.11135126400337092,0.002063115308597041,0.9755557544518955,0.9288911382882067,0.04666461616368878,0.22007670253863074,0.20176187685438088,0.018314825684249858,1.062178070127917,0.9128891754880407,0.14928889463987638,0.058578674326262146,0.055232215379770945,0.4210986980200842,0.41175252613999525,0.024667403490531523,0.022742004206928984,0.0019253992836025385,0.024667403490531523,0.022742004206928984,True,6.09667419412267,0.09261135747279381,0.1162932525552283,0.7963605405981071,5.811357042741339,0.09058678938760134,0.13159732473657884,0.6883634569998353,True,0.10799708359827187,True,True,True,0.9204152249134948
QVML,Invesco S&P 500 QVM Multi-factor ETF,2021-06-30,equity,systematic_or_rules_based,factor_or_style,not_sector_specific,0.1379395258016951,0.13559764010455133,0.002341885697143775,1.2695974467237803,1.2135783548187653,0.05601909190501497,0.5863681609054575,0.553541346739872,0.03282681416558553,1.7557911305218468,1.6301748797533888,0.12561625076845795,0.0698928226296368,0.06676326503970147,0.5053594580311466,0.5019172708157341,0.035320998964380304,0.033509635779474474,0.00181136318490583,0.035320998964380304,0.033509635779474474,True,0.6147054017711036,0.0972881733841553,0.08873621090827286,1.0963751143794347,0.5976284473098061,0.09502994839009604,0.09273337303261191,1.0247653598955846,True,0.0716097544838501,True,True,True,0.9194265941670786
TSPA,T. Rowe Price U.S. Equity Research ETF,2021-06-14,equity,active_identified,other_equity,not_sector_specific,0.1414711210150299,0.13652715433642615,0.004943966678603751,1.2583228923726992,1.2227757713163094,0.0355471210563898,0.5723654576201189,0.5573358416833617,0.015029615936757224,1.698828698622682,1.6488675316117842,0.0499611670108977,0.06880797319086882,0.0673865595935677,0.5153049808671005,0.5011876649882635,0.03545709130862462,0.03377331245429266,0.0016837788543319632,0.03545709130862462,0.03377331245429266,True,0.6502049035187059,0.10102184876608966,0.09182948430114662,1.100102538252284,0.6133415397206938,0.09625307693078144,0.09230993558573257,1.0427163264715604,True,0.05738621178072356,True,True,True,0.9169550173010381
MGC,Vanguard Morningstar Mega Cap ETF,2007-12-27,equity,index_passive_identified,other_equity,not_sector_specific,0.1162683000378999,0.11261055976385603,0.0036577402740438636,0.9344633509746048,0.9051418152516901,0.029321535722914627,0.22389350729400118,0.2134121013426605,0.010481405951340672,0.980103811694305,0.9510418861787392,0.029061925515565856,0.05524403280567486,0.05328124755615567,0.41444395780932564,0.40842563474370147,0.022895555601332114,0.021761427353059172,0.001134128248272942,0.022895555601332114,0.021761427353059172,True,4.916855574417553,0.09990481002723195,0.12600410251344635,0.7928695021383987,4.565174505939825,0.09630068893813992,0.12571326527485865,0.7660344254648762,True,0.026835076673522473,True,True,True,0.912259021255561
VTI,Vanguard Morningstar Total Stock Market ETF,2001-06-15,equity,index_passive_identified,broad_equity,not_sector_specific,0.0981588516730092,0.09540583680627512,0.0027530148667340715,0.8298841846200674,0.8160742971956048,0.013809887424462652,0.17701024578086802,0.1728697098248845,0.004140535955983515,0.7807832940386032,0.737160853316512,0.043622440722091205,0.046726244831210954,0.046293998888667,0.4394890943074031,0.4286933379381112,0.02053567502125488,0.019845928910085867,0.000689746111169013,0.02053567502125488,0.019845928910085867,True,5.636897129739121,0.07798945362420961,0.13649755199629013,0.5713615554536047,5.2300497401224915,0.07528700216421469,0.14119660191351616,0.5332068983524721,True,0.03815465710113253,True,True,True,0.912011863568957
VV,Vanguard Morningstar Large-Cap ETF,2004-01-30,equity,index_passive_identified,other_equity,not_sector_specific,0.11085126939731649,0.10865057592957794,0.002200693467738546,0.9253157929630822,0.9143590689642372,0.010956723998844953,0.20224916718610056,0.1968683904674619,0.005380776718638652,0.9297588277185398,0.8986413950228692,0.031117432695670577,0.05497232325761911,0.05422328321915344,0.4165571925388737,0.4129541387495056,0.022899116643533248,0.022391729221936028,0.0005073874215972204,0.022899116643533248,0.022391729221936028,True,6.038612668485661,0.09027986964342771,0.12858829550240425,0.7020846593439737,5.730437489141563,0.08811992991681339,0.130447950152065,0.6755179350391536,True,0.0265667243048201,True,True,True,0.9080573405832921
SPTM,State Street SPDR Portfolio S&P 1500 Composite Stock Market ETF,2000-10-10,equity,index_passive_identified,other_equity,not_sector_specific,0.08914444942118815,0.0880040107158373,0.0011404387053508547,0.7756542615839878,0.7605135314398507,0.015140730144137082,0.1626681716113622,0.15945804056793517,0.0032101310434270447,0.6407306961789077,0.5872469383926034,0.05348375778630421,0.04288519134417906,0.042228182285133684,0.42244180218370264,0.4332416865379987,0.018116497518427928,0.018295008912645357,-0.0001785113942174288,0.018116497518427928,0.018295008912645357,False,4.500627069352468,0.06809000181796443,0.1608188786597066,0.42339557634923664,4.353483953750976,0.06697160913872091,0.17548838984201107,0.3816298571034483,True,0.04176571924578831,True,True,True,0.9080573405832921
IVV,iShares Core S&P 500 ETF,2000-05-19,equity,index_passive_identified,broad_equity,not_sector_specific,0.08621816714837371,0.0858094661123252,0.0004087010360485088,0.7507447878601589,0.7464742228416346,0.004270565018524297,0.1560509957278486,0.15548165608763104,0.0005693396402175754,0.5366991388708434,0.5332177218493174,0.0034814170215260454,0.04142981239491751,0.04118172344416213,0.44022557165167114,0.4357264771520263,0.018238462844974053,0.017943967279373776,0.0002944955656002772,0.018238462844974053,0.017943967279373776,True,4.164243130140412,0.06447532531177247,0.2017510824092817,0.3195785843714821,4.113428847431786,0.06407480524917286,0.20320760558647988,0.31531696397015163,True,0.00426162040133049,True,True,True,0.8964409293129016
